use PlatterDB;

insert into Admin (adminID, fName, lName, email) values (1, 'Shanie', 'Rubke', 'srubke0@ftc.gov');
insert into Admin (adminID, fName, lName, email) values (2, 'Boyd', 'Landor', 'blandor1@barnesandnoble.com');
insert into Admin (adminID, fName, lName, email) values (3, 'Cesaro', 'Thomassen', 'cthomassen2@state.tx.us');
insert into Admin (adminID, fName, lName, email) values (4, 'Jessamyn', 'Farney', 'jfarney3@marketwatch.com');
insert into Admin (adminID, fName, lName, email) values (5, 'Phillipp', 'Monteath', 'pmonteath4@slashdot.org');
insert into Admin (adminID, fName, lName, email) values (6, 'Vannie', 'Flute', 'vflute5@booking.com');
insert into Admin (adminID, fName, lName, email) values (7, 'Josee', 'Cartin', 'jcartin6@adobe.com');
insert into Admin (adminID, fName, lName, email) values (8, 'Penn', 'Bidgod', 'pbidgod7@amazon.co.jp');
insert into Admin (adminID, fName, lName, email) values (9, 'Katrine', 'Kobpal', 'kkobpal8@cisco.com');
insert into Admin (adminID, fName, lName, email) values (10, 'Lenee', 'Gauche', 'lgauche9@umich.edu');

insert into Ingredients (name, ingredientID) values ('Oil - Macadamia', 1);
insert into Ingredients (name, ingredientID) values ('Truffle Shells - Semi - Sweet', 2);
insert into Ingredients (name, ingredientID) values ('Cheese - Swiss Sliced', 3);
insert into Ingredients (name, ingredientID) values ('Water - Tonic', 4);
insert into Ingredients (name, ingredientID) values ('Pasta - Fettuccine, Dry', 5);
insert into Ingredients (name, ingredientID) values ('Lamb Rack - Ontario', 6);
insert into Ingredients (name, ingredientID) values ('Wine - Dubouef Macon - Villages', 7);
insert into Ingredients (name, ingredientID) values ('Kirsch - Schloss', 8);
insert into Ingredients (name, ingredientID) values ('Sauce - Salsa', 9);
insert into Ingredients (name, ingredientID) values ('Chicken - Leg, Fresh', 10);
insert into Ingredients (name, ingredientID) values ('Lid - 0090 Clear', 11);
insert into Ingredients (name, ingredientID) values ('Coffee Beans - Chocolate', 12);
insert into Ingredients (name, ingredientID) values ('Wine - Red, Wolf Blass, Yellow', 13);
insert into Ingredients (name, ingredientID) values ('Pizza Pizza Dough', 14);
insert into Ingredients (name, ingredientID) values ('Trueblue - Blueberry Cranberry', 15);
insert into Ingredients (name, ingredientID) values ('Energy - Boo - Koo', 16);
insert into Ingredients (name, ingredientID) values ('Plums - Red', 17);
insert into Ingredients (name, ingredientID) values ('Butter Balls Salted', 18);
insert into Ingredients (name, ingredientID) values ('Wine - Muscadet Sur Lie', 19);
insert into Ingredients (name, ingredientID) values ('Magnotta Bel Paese Red', 20);
insert into Ingredients (name, ingredientID) values ('Beer - Molson Excel', 21);
insert into Ingredients (name, ingredientID) values ('Coffee - Colombian, Portioned', 22);
insert into Ingredients (name, ingredientID) values ('Oil - Margarine', 23);
insert into Ingredients (name, ingredientID) values ('Champagne - Brights, Dry', 24);
insert into Ingredients (name, ingredientID) values ('Cup - 6oz, Foam', 25);
insert into Ingredients (name, ingredientID) values ('Scampi Tail', 26);
insert into Ingredients (name, ingredientID) values ('Foil - Round Foil', 27);
insert into Ingredients (name, ingredientID) values ('Nut - Pine Nuts, Whole', 28);
insert into Ingredients (name, ingredientID) values ('Peppercorns - Green', 29);
insert into Ingredients (name, ingredientID) values ('Sage Derby', 30);
insert into Ingredients (name, ingredientID) values ('Beef - Top Butt Aaa', 31);
insert into Ingredients (name, ingredientID) values ('Beef - Salted', 32);
insert into Ingredients (name, ingredientID) values ('Appetizer - Mango Chevre', 33);
insert into Ingredients (name, ingredientID) values ('Catfish - Fillets', 34);
insert into Ingredients (name, ingredientID) values ('Cheese - Cheddarsliced', 35);
insert into Ingredients (name, ingredientID) values ('Pur Value', 36);
insert into Ingredients (name, ingredientID) values ('Scotch - Queen Anne', 37);
insert into Ingredients (name, ingredientID) values ('Creme De Banane - Marie', 38);
insert into Ingredients (name, ingredientID) values ('Roe - Flying Fish', 39);
insert into Ingredients (name, ingredientID) values ('Prunes - Pitted', 40);
insert into Ingredients (name, ingredientID) values ('Jack Daniels', 41);
insert into Ingredients (name, ingredientID) values ('Easy Off Oven Cleaner', 42);
insert into Ingredients (name, ingredientID) values ('Olive - Spread Tapenade', 43);
insert into Ingredients (name, ingredientID) values ('Banana - Green', 44);
insert into Ingredients (name, ingredientID) values ('Pepper - Red Bell', 45);
insert into Ingredients (name, ingredientID) values ('Table Cloth 54x54 Colour', 46);
insert into Ingredients (name, ingredientID) values ('Wine - Red, Pelee Island Merlot', 47);
insert into Ingredients (name, ingredientID) values ('Apricots - Dried', 48);
insert into Ingredients (name, ingredientID) values ('Nacho Chips', 49);
insert into Ingredients (name, ingredientID) values ('Soup - Campbells', 50);
insert into Ingredients (name, ingredientID) values ('Wine - Casablanca Valley', 51);
insert into Ingredients (name, ingredientID) values ('Lamb - Whole, Fresh', 52);
insert into Ingredients (name, ingredientID) values ('Sansho Powder', 53);
insert into Ingredients (name, ingredientID) values ('Trout Rainbow Whole', 54);
insert into Ingredients (name, ingredientID) values ('Chicken - Tenderloin', 55);
insert into Ingredients (name, ingredientID) values ('Tea - Earl Grey', 56);
insert into Ingredients (name, ingredientID) values ('Cheese - Brick With Onion', 57);
insert into Ingredients (name, ingredientID) values ('Flour - Strong', 58);
insert into Ingredients (name, ingredientID) values ('Chilli Paste, Ginger Garlic', 59);
insert into Ingredients (name, ingredientID) values ('Juice - Ocean Spray Cranberry', 60);
insert into Ingredients (name, ingredientID) values ('Clams - Canned', 61);
insert into Ingredients (name, ingredientID) values ('Milk - Chocolate 250 Ml', 62);
insert into Ingredients (name, ingredientID) values ('Walkers Special Old Whiskey', 63);
insert into Ingredients (name, ingredientID) values ('Beer - Sleemans Cream Ale', 64);
insert into Ingredients (name, ingredientID) values ('Bar Special K', 65);
insert into Ingredients (name, ingredientID) values ('Lemonade - Black Cherry, 591 Ml', 66);
insert into Ingredients (name, ingredientID) values ('Clams - Littleneck, Whole', 67);
insert into Ingredients (name, ingredientID) values ('Pepper - Sorrano', 68);
insert into Ingredients (name, ingredientID) values ('Beef - Shank', 69);
insert into Ingredients (name, ingredientID) values ('Thermometer Digital', 70);
insert into Ingredients (name, ingredientID) values ('Wine - Tribal Sauvignon', 71);
insert into Ingredients (name, ingredientID) values ('Grapefruit - White', 72);
insert into Ingredients (name, ingredientID) values ('Napkin White - Starched', 73);
insert into Ingredients (name, ingredientID) values ('Marsala - Sperone, Fine, D.o.c.', 74);
insert into Ingredients (name, ingredientID) values ('Burger Veggie', 75);
insert into Ingredients (name, ingredientID) values ('Kahlua', 76);
insert into Ingredients (name, ingredientID) values ('Cookie Choc', 77);
insert into Ingredients (name, ingredientID) values ('Carbonated Water - Cherry', 78);
insert into Ingredients (name, ingredientID) values ('Shrimp - Baby, Cold Water', 79);
insert into Ingredients (name, ingredientID) values ('Wine - White, Riesling, Henry Of', 80);
insert into Ingredients (name, ingredientID) values ('Cheese - Mozzarella, Shredded', 81);
insert into Ingredients (name, ingredientID) values ('Campari', 82);
insert into Ingredients (name, ingredientID) values ('Gelatine Leaves - Envelopes', 83);
insert into Ingredients (name, ingredientID) values ('Persimmons', 84);
insert into Ingredients (name, ingredientID) values ('Wine - Casillero Deldiablo', 85);
insert into Ingredients (name, ingredientID) values ('Flour - Rye', 86);
insert into Ingredients (name, ingredientID) values ('Island Oasis - Peach Daiquiri', 87);
insert into Ingredients (name, ingredientID) values ('Halibut - Steaks', 88);
insert into Ingredients (name, ingredientID) values ('Mushroom - White Button', 89);
insert into Ingredients (name, ingredientID) values ('Strawberries - California', 90);
insert into Ingredients (name, ingredientID) values ('Wine - Montecillo Rioja Crianza', 91);
insert into Ingredients (name, ingredientID) values ('Olive - Spread Tapenade', 92);
insert into Ingredients (name, ingredientID) values ('Lemon Tarts', 93);
insert into Ingredients (name, ingredientID) values ('Pork - Kidney', 94);
insert into Ingredients (name, ingredientID) values ('Onions - Spanish', 95);
insert into Ingredients (name, ingredientID) values ('Russian Prince', 96);
insert into Ingredients (name, ingredientID) values ('Shrimp - Black Tiger 6 - 8', 97);
insert into Ingredients (name, ingredientID) values ('Lemons', 98);
insert into Ingredients (name, ingredientID) values ('Juice - V8, Tomato', 99);
insert into Ingredients (name, ingredientID) values ('Cinnamon Rolls', 100);
insert into Ingredients (name, ingredientID) values ('Cheese - Swiss Sliced', 101);
insert into Ingredients (name, ingredientID) values ('French Pastry - Mini Chocolate', 102);
insert into Ingredients (name, ingredientID) values ('Pastry - Apple Muffins - Mini', 103);
insert into Ingredients (name, ingredientID) values ('Beef - Chuck, Boneless', 104);
insert into Ingredients (name, ingredientID) values ('Lady Fingers', 105);
insert into Ingredients (name, ingredientID) values ('Port - 74 Brights', 106);
insert into Ingredients (name, ingredientID) values ('Soup - Campbells Asian Noodle', 107);
insert into Ingredients (name, ingredientID) values ('Steampan - Foil', 108);
insert into Ingredients (name, ingredientID) values ('Beef Dry Aged Tenderloin Aaa', 109);
insert into Ingredients (name, ingredientID) values ('Bread - White, Unsliced', 110);
insert into Ingredients (name, ingredientID) values ('Ginger - Crystalized', 111);
insert into Ingredients (name, ingredientID) values ('Extract - Almond', 112);
insert into Ingredients (name, ingredientID) values ('Mix - Cocktail Ice Cream', 113);
insert into Ingredients (name, ingredientID) values ('Wine - Riesling Dr. Pauly', 114);
insert into Ingredients (name, ingredientID) values ('Wine - Gewurztraminer Pierre', 115);
insert into Ingredients (name, ingredientID) values ('Snapple - Iced Tea Peach', 116);
insert into Ingredients (name, ingredientID) values ('Pie Filling - Apple', 117);
insert into Ingredients (name, ingredientID) values ('Dried Figs', 118);
insert into Ingredients (name, ingredientID) values ('Pastry - Banana Tea Loaf', 119);
insert into Ingredients (name, ingredientID) values ('Grapes - Black', 120);
insert into Ingredients (name, ingredientID) values ('Wine - Wyndham Estate Bin 777', 121);
insert into Ingredients (name, ingredientID) values ('Remy Red', 122);
insert into Ingredients (name, ingredientID) values ('Eggs - Extra Large', 123);
insert into Ingredients (name, ingredientID) values ('Beef - Tender Tips', 124);
insert into Ingredients (name, ingredientID) values ('Kellogs Special K Cereal', 125);
insert into Ingredients (name, ingredientID) values ('Veal - Inside Round / Top, Lean', 126);
insert into Ingredients (name, ingredientID) values ('Schnappes - Peach, Walkers', 127);
insert into Ingredients (name, ingredientID) values ('Truffle Cups - White Paper', 128);
insert into Ingredients (name, ingredientID) values ('Wine - Magnotta, Merlot Sr Vqa', 129);
insert into Ingredients (name, ingredientID) values ('Ham - Virginia', 130);
insert into Ingredients (name, ingredientID) values ('Bulgar', 131);
insert into Ingredients (name, ingredientID) values ('Cleaner - Pine Sol', 132);
insert into Ingredients (name, ingredientID) values ('Beer - True North Lager', 133);
insert into Ingredients (name, ingredientID) values ('Potatoes - Mini White 3 Oz', 134);
insert into Ingredients (name, ingredientID) values ('Cheese - Ermite Bleu', 135);
insert into Ingredients (name, ingredientID) values ('Uniform Linen Charge', 136);
insert into Ingredients (name, ingredientID) values ('Vinegar - Balsamic, White', 137);
insert into Ingredients (name, ingredientID) values ('Lamb - Shanks', 138);
insert into Ingredients (name, ingredientID) values ('Iced Tea - Lemon, 460 Ml', 139);
insert into Ingredients (name, ingredientID) values ('Flour - Strong', 140);
insert into Ingredients (name, ingredientID) values ('Cotton Wet Mop 16 Oz', 141);
insert into Ingredients (name, ingredientID) values ('Water - Spring 1.5lit', 142);
insert into Ingredients (name, ingredientID) values ('Bay Leaf Ground', 143);
insert into Ingredients (name, ingredientID) values ('Jack Daniels', 144);
insert into Ingredients (name, ingredientID) values ('Rabbit - Whole', 145);
insert into Ingredients (name, ingredientID) values ('Pastry - Cheese Baked Scones', 146);
insert into Ingredients (name, ingredientID) values ('Nut - Hazelnut, Whole', 147);
insert into Ingredients (name, ingredientID) values ('Lid Tray - 12in Dome', 148);
insert into Ingredients (name, ingredientID) values ('Bok Choy - Baby', 149);
insert into Ingredients (name, ingredientID) values ('Trueblue - Blueberry 12x473ml', 150);
insert into Ingredients (name, ingredientID) values ('Cheese - Mozzarella, Shredded', 151);
insert into Ingredients (name, ingredientID) values ('Cheese - Taleggio D.o.p.', 152);
insert into Ingredients (name, ingredientID) values ('Nori Sea Weed - Gold Label', 153);
insert into Ingredients (name, ingredientID) values ('Beer - Fruli', 154);
insert into Ingredients (name, ingredientID) values ('Chocolate - Milk, Callets', 155);
insert into Ingredients (name, ingredientID) values ('Glass - Juice Clear 5oz 55005', 156);
insert into Ingredients (name, ingredientID) values ('Coconut - Creamed, Pure', 157);
insert into Ingredients (name, ingredientID) values ('Crab - Blue, Frozen', 158);
insert into Ingredients (name, ingredientID) values ('Beef - Striploin Aa', 159);
insert into Ingredients (name, ingredientID) values ('Lemon Balm - Fresh', 160);
insert into Ingredients (name, ingredientID) values ('Raspberries - Frozen', 161);
insert into Ingredients (name, ingredientID) values ('Soap - Pine Sol Floor Cleaner', 162);
insert into Ingredients (name, ingredientID) values ('Table Cloth 62x120 White', 163);
insert into Ingredients (name, ingredientID) values ('Lid - 0090 Clear', 164);
insert into Ingredients (name, ingredientID) values ('Lettuce - Lambs Mash', 165);
insert into Ingredients (name, ingredientID) values ('Mint - Fresh', 166);
insert into Ingredients (name, ingredientID) values ('Loquat', 167);
insert into Ingredients (name, ingredientID) values ('Chambord Royal', 168);
insert into Ingredients (name, ingredientID) values ('Bread - White Epi Baguette', 169);
insert into Ingredients (name, ingredientID) values ('Vanilla Beans', 170);
insert into Ingredients (name, ingredientID) values ('Chocolate - Chips Compound', 171);
insert into Ingredients (name, ingredientID) values ('Pastry - Lemon Danish - Mini', 172);
insert into Ingredients (name, ingredientID) values ('Tart Shells - Sweet, 2', 173);
insert into Ingredients (name, ingredientID) values ('Wine - White, Pinot Grigio', 174);
insert into Ingredients (name, ingredientID) values ('Hot Chocolate - Individual', 175);
insert into Ingredients (name, ingredientID) values ('Parsnip', 176);
insert into Ingredients (name, ingredientID) values ('Roe - Lump Fish, Black', 177);
insert into Ingredients (name, ingredientID) values ('Piping - Bags Quizna', 178);
insert into Ingredients (name, ingredientID) values ('Knife Plastic - White', 179);
insert into Ingredients (name, ingredientID) values ('Bread - White Mini Epi', 180);
insert into Ingredients (name, ingredientID) values ('Coffee - Irish Cream', 181);
insert into Ingredients (name, ingredientID) values ('Beef Flat Iron Steak', 182);
insert into Ingredients (name, ingredientID) values ('Radish - Black, Winter, Organic', 183);
insert into Ingredients (name, ingredientID) values ('Sardines', 184);
insert into Ingredients (name, ingredientID) values ('Creme De Menthe Green', 185);
insert into Ingredients (name, ingredientID) values ('Alize Sunset', 186);
insert into Ingredients (name, ingredientID) values ('Sage Derby', 187);
insert into Ingredients (name, ingredientID) values ('Jam - Apricot', 188);
insert into Ingredients (name, ingredientID) values ('Sprouts - Baby Pea Tendrils', 189);
insert into Ingredients (name, ingredientID) values ('Soap - Hand Soap', 190);
insert into Ingredients (name, ingredientID) values ('Lettuce - Belgian Endive', 191);
insert into Ingredients (name, ingredientID) values ('Mace', 192);
insert into Ingredients (name, ingredientID) values ('Wine - White, Antinore Orvieto', 193);
insert into Ingredients (name, ingredientID) values ('Pork - Backs - Boneless', 194);
insert into Ingredients (name, ingredientID) values ('Cheese - Colby', 195);
insert into Ingredients (name, ingredientID) values ('Bread - Corn Muffaletta', 196);
insert into Ingredients (name, ingredientID) values ('Juice - Propel Sport', 197);
insert into Ingredients (name, ingredientID) values ('Steampan - Foil', 198);
insert into Ingredients (name, ingredientID) values ('Water - Evian 355 Ml', 199);
insert into Ingredients (name, ingredientID) values ('Pork - Chop, Frenched', 200);
insert into Ingredients (name, ingredientID) values ('Dawn Professionl Pot And Pan', 201);
insert into Ingredients (name, ingredientID) values ('Potato - Sweet', 202);
insert into Ingredients (name, ingredientID) values ('Salmon - Canned', 203);
insert into Ingredients (name, ingredientID) values ('Dragon Fruit', 204);
insert into Ingredients (name, ingredientID) values ('Cranberries - Dry', 205);
insert into Ingredients (name, ingredientID) values ('Soup - French Onion, Dry', 206);
insert into Ingredients (name, ingredientID) values ('Muffin - Mix - Bran And Maple 15l', 207);
insert into Ingredients (name, ingredientID) values ('Pork - Shoulder', 208);
insert into Ingredients (name, ingredientID) values ('Pork - Loin, Bone - In', 209);
insert into Ingredients (name, ingredientID) values ('Olives - Morracan Dired', 210);
insert into Ingredients (name, ingredientID) values ('Wine - Red, Mouton Cadet', 211);
insert into Ingredients (name, ingredientID) values ('Mustard - Dijon', 212);
insert into Ingredients (name, ingredientID) values ('Bread - Corn Muffaleta Onion', 213);
insert into Ingredients (name, ingredientID) values ('Brocolinni - Gaylan, Chinese', 214);
insert into Ingredients (name, ingredientID) values ('Potatoes - Fingerling 4 Oz', 215);
insert into Ingredients (name, ingredientID) values ('Wine - Magnotta - Pinot Gris Sr', 216);
insert into Ingredients (name, ingredientID) values ('Mushroom - Porcini, Dry', 217);
insert into Ingredients (name, ingredientID) values ('Pork - Belly Fresh', 218);
insert into Ingredients (name, ingredientID) values ('Lemonade - Black Cherry, 591 Ml', 219);
insert into Ingredients (name, ingredientID) values ('Pasta - Linguini, Dry', 220);
insert into Ingredients (name, ingredientID) values ('Chevere Logs', 221);
insert into Ingredients (name, ingredientID) values ('Salt And Pepper Mix - White', 222);
insert into Ingredients (name, ingredientID) values ('Corn Syrup', 223);
insert into Ingredients (name, ingredientID) values ('Fib N9 - Prague Powder', 224);
insert into Ingredients (name, ingredientID) values ('Five Alive Citrus', 225);
insert into Ingredients (name, ingredientID) values ('Bag Clear 10 Lb', 226);
insert into Ingredients (name, ingredientID) values ('Eggplant - Regular', 227);
insert into Ingredients (name, ingredientID) values ('Thyme - Fresh', 228);
insert into Ingredients (name, ingredientID) values ('Apple - Delicious, Golden', 229);
insert into Ingredients (name, ingredientID) values ('Tomato Paste', 230);
insert into Ingredients (name, ingredientID) values ('Fish - Atlantic Salmon, Cold', 231);
insert into Ingredients (name, ingredientID) values ('Momiji Oroshi Chili Sauce', 232);
insert into Ingredients (name, ingredientID) values ('Wine - Zinfandel California 2002', 233);
insert into Ingredients (name, ingredientID) values ('Pickerel - Fillets', 234);
insert into Ingredients (name, ingredientID) values ('Syrup - Monin, Irish Cream', 235);
insert into Ingredients (name, ingredientID) values ('Nut - Pumpkin Seeds', 236);
insert into Ingredients (name, ingredientID) values ('Food Colouring - Green', 237);
insert into Ingredients (name, ingredientID) values ('Aspic - Light', 238);
insert into Ingredients (name, ingredientID) values ('Flower - Commercial Spider', 239);
insert into Ingredients (name, ingredientID) values ('Water - Mineral, Carbonated', 240);
insert into Ingredients (name, ingredientID) values ('Grapes - Red', 241);
insert into Ingredients (name, ingredientID) values ('Cheese - Grie Des Champ', 242);
insert into Ingredients (name, ingredientID) values ('Food Colouring - Orange', 243);
insert into Ingredients (name, ingredientID) values ('Tea - Mint', 244);
insert into Ingredients (name, ingredientID) values ('Tea - Vanilla Chai', 245);
insert into Ingredients (name, ingredientID) values ('Dragon Fruit', 246);
insert into Ingredients (name, ingredientID) values ('Flour - Strong Pizza', 247);
insert into Ingredients (name, ingredientID) values ('Bread - Rolls, Corn', 248);
insert into Ingredients (name, ingredientID) values ('Longos - Assorted Sandwich', 249);
insert into Ingredients (name, ingredientID) values ('Spinach - Baby', 250);

insert into Recipe_Critic (criticID, fName, lName, email) values (1, 'Joshia', 'Bellis', 'jbellis0@weather.com');
insert into Recipe_Critic (criticID, fName, lName, email) values (2, 'Jaime', 'Sommerville', 'jsommerville1@adobe.com');
insert into Recipe_Critic (criticID, fName, lName, email) values (3, 'Alvera', 'Arnley', 'aarnley2@samsung.com');
insert into Recipe_Critic (criticID, fName, lName, email) values (4, 'Bald', 'Tivolier', 'btivolier3@youtu.be');
insert into Recipe_Critic (criticID, fName, lName, email) values (5, 'Lazaro', 'Gotcher', 'lgotcher4@google.com.br');
insert into Recipe_Critic (criticID, fName, lName, email) values (6, 'Yettie', 'Sanger', 'ysanger5@va.gov');
insert into Recipe_Critic (criticID, fName, lName, email) values (7, 'Griz', 'Morrid', 'gmorrid6@theguardian.com');
insert into Recipe_Critic (criticID, fName, lName, email) values (8, 'Dael', 'Lambrick', 'dlambrick7@delicious.com');
insert into Recipe_Critic (criticID, fName, lName, email) values (9, 'Miguela', 'Goude', 'mgoude8@feedburner.com');
insert into Recipe_Critic (criticID, fName, lName, email) values (10, 'Stacia', 'Mitrovic', 'smitrovic9@so-net.ne.jp');
insert into Recipe_Critic (criticID, fName, lName, email) values (11, 'Dalis', 'Varvell', 'dvarvella@yandex.ru');
insert into Recipe_Critic (criticID, fName, lName, email) values (12, 'Hercule', 'Pettegre', 'hpettegreb@sciencedirect.com');
insert into Recipe_Critic (criticID, fName, lName, email) values (13, 'Nikola', 'Pyrah', 'npyrahc@squidoo.com');
insert into Recipe_Critic (criticID, fName, lName, email) values (14, 'Lorens', 'Burren', 'lburrend@blogspot.com');
insert into Recipe_Critic (criticID, fName, lName, email) values (15, 'Vanya', 'Mullinger', 'vmullingere@4shared.com');
insert into Recipe_Critic (criticID, fName, lName, email) values (16, 'Linn', 'Shackleford', 'lshacklefordf@vistaprint.com');
insert into Recipe_Critic (criticID, fName, lName, email) values (17, 'Brandice', 'Stair', 'bstairg@google.cn');
insert into Recipe_Critic (criticID, fName, lName, email) values (18, 'Laurie', 'Diggar', 'ldiggarh@i2i.jp');
insert into Recipe_Critic (criticID, fName, lName, email) values (19, 'Latashia', 'Darlington', 'ldarlingtoni@miitbeian.gov.cn');
insert into Recipe_Critic (criticID, fName, lName, email) values (20, 'Ainslie', 'Petchell', 'apetchellj@craigslist.org');
insert into Recipe_Critic (criticID, fName, lName, email) values (21, 'Scottie', 'Click', 'sclickk@opera.com');
insert into Recipe_Critic (criticID, fName, lName, email) values (22, 'Elsy', 'Bellew', 'ebellewl@nifty.com');
insert into Recipe_Critic (criticID, fName, lName, email) values (23, 'Tildi', 'Tamplin', 'ttamplinm@sohu.com');
insert into Recipe_Critic (criticID, fName, lName, email) values (24, 'Ravid', 'Gunnell', 'rgunnelln@wp.com');
insert into Recipe_Critic (criticID, fName, lName, email) values (25, 'Dukey', 'McCuis', 'dmccuiso@4shared.com');
insert into Recipe_Critic (criticID, fName, lName, email) values (26, 'Tedman', 'Povall', 'tpovallp@hatena.ne.jp');
insert into Recipe_Critic (criticID, fName, lName, email) values (27, 'Markos', 'Cossey', 'mcosseyq@about.com');
insert into Recipe_Critic (criticID, fName, lName, email) values (28, 'Melanie', 'Briggdale', 'mbriggdaler@mozilla.org');
insert into Recipe_Critic (criticID, fName, lName, email) values (29, 'Lily', 'Eriksson', 'lerikssons@xrea.com');
insert into Recipe_Critic (criticID, fName, lName, email) values (30, 'Jeanne', 'Apedaile', 'japedailet@stumbleupon.com');
insert into Recipe_Critic (criticID, fName, lName, email) values (31, 'Zacharias', 'Pittford', 'zpittfordu@mysql.com');
insert into Recipe_Critic (criticID, fName, lName, email) values (32, 'Charo', 'Demoge', 'cdemogev@ow.ly');
insert into Recipe_Critic (criticID, fName, lName, email) values (33, 'Iseabal', 'Coats', 'icoatsw@hud.gov');
insert into Recipe_Critic (criticID, fName, lName, email) values (34, 'Valentine', 'Shulem', 'vshulemx@ocn.ne.jp');
insert into Recipe_Critic (criticID, fName, lName, email) values (35, 'Kiah', 'Wandtke', 'kwandtkey@comcast.net');
insert into Recipe_Critic (criticID, fName, lName, email) values (36, 'Forster', 'Fillan', 'ffillanz@multiply.com');
insert into Recipe_Critic (criticID, fName, lName, email) values (37, 'Trula', 'Logie', 'tlogie10@yale.edu');
insert into Recipe_Critic (criticID, fName, lName, email) values (38, 'Twyla', 'Menier', 'tmenier11@gmpg.org');
insert into Recipe_Critic (criticID, fName, lName, email) values (39, 'Roderigo', 'Fazan', 'rfazan12@wikimedia.org');
insert into Recipe_Critic (criticID, fName, lName, email) values (40, 'Bobbi', 'Northgraves', 'bnorthgraves13@cnet.com');
insert into Recipe_Critic (criticID, fName, lName, email) values (41, 'Priscella', 'Bourgourd', 'pbourgourd14@biglobe.ne.jp');
insert into Recipe_Critic (criticID, fName, lName, email) values (42, 'Mikol', 'Hammerson', 'mhammerson15@delicious.com');
insert into Recipe_Critic (criticID, fName, lName, email) values (43, 'Steven', 'Broddle', 'sbroddle16@acquirethisname.com');
insert into Recipe_Critic (criticID, fName, lName, email) values (44, 'Swen', 'Craister', 'scraister17@nymag.com');
insert into Recipe_Critic (criticID, fName, lName, email) values (45, 'Damien', 'Boissieux', 'dboissieux18@psu.edu');
insert into Recipe_Critic (criticID, fName, lName, email) values (46, 'Fairfax', 'Padbery', 'fpadbery19@ebay.co.uk');
insert into Recipe_Critic (criticID, fName, lName, email) values (47, 'Sibyl', 'Parrot', 'sparrot1a@ft.com');
insert into Recipe_Critic (criticID, fName, lName, email) values (48, 'Godard', 'Bernhard', 'gbernhard1b@ehow.com');
insert into Recipe_Critic (criticID, fName, lName, email) values (49, 'Shalna', 'Kastel', 'skastel1c@xing.com');
insert into Recipe_Critic (criticID, fName, lName, email) values (50, 'Chance', 'Sekulla', 'csekulla1d@sciencedaily.com');
insert into Recipe_Critic (criticID, fName, lName, email) values (51, 'Fayina', 'Iacomi', 'fiacomi1e@eventbrite.com');
insert into Recipe_Critic (criticID, fName, lName, email) values (52, 'Holli', 'Pimmocke', 'hpimmocke1f@ow.ly');
insert into Recipe_Critic (criticID, fName, lName, email) values (53, 'Baryram', 'Gavey', 'bgavey1g@multiply.com');
insert into Recipe_Critic (criticID, fName, lName, email) values (54, 'Sheridan', 'Penketh', 'spenketh1h@ucsd.edu');
insert into Recipe_Critic (criticID, fName, lName, email) values (55, 'Husein', 'Clayton', 'hclayton1i@ask.com');
insert into Recipe_Critic (criticID, fName, lName, email) values (56, 'Davon', 'Birks', 'dbirks1j@livejournal.com');
insert into Recipe_Critic (criticID, fName, lName, email) values (57, 'Yehudit', 'Klimkov', 'yklimkov1k@economist.com');
insert into Recipe_Critic (criticID, fName, lName, email) values (58, 'Camellia', 'Rathbone', 'crathbone1l@howstuffworks.com');
insert into Recipe_Critic (criticID, fName, lName, email) values (59, 'Norah', 'Shine', 'nshine1m@tripod.com');
insert into Recipe_Critic (criticID, fName, lName, email) values (60, 'Hillie', 'Tams', 'htams1n@ucla.edu');
insert into Recipe_Critic (criticID, fName, lName, email) values (61, 'Corbin', 'Owthwaite', 'cowthwaite1o@unicef.org');
insert into Recipe_Critic (criticID, fName, lName, email) values (62, 'Westleigh', 'Chamberlayne', 'wchamberlayne1p@indiegogo.com');
insert into Recipe_Critic (criticID, fName, lName, email) values (63, 'Marlie', 'Morison', 'mmorison1q@yahoo.com');
insert into Recipe_Critic (criticID, fName, lName, email) values (64, 'Madelena', 'Gowling', 'mgowling1r@wikia.com');
insert into Recipe_Critic (criticID, fName, lName, email) values (65, 'Julietta', 'Quoit', 'jquoit1s@google.es');
insert into Recipe_Critic (criticID, fName, lName, email) values (66, 'Jeremias', 'Warrilow', 'jwarrilow1t@yolasite.com');
insert into Recipe_Critic (criticID, fName, lName, email) values (67, 'Ryun', 'MacNess', 'rmacness1u@ucoz.ru');
insert into Recipe_Critic (criticID, fName, lName, email) values (68, 'Doroteya', 'Brittoner', 'dbrittoner1v@skype.com');
insert into Recipe_Critic (criticID, fName, lName, email) values (69, 'Dita', 'Savatier', 'dsavatier1w@macromedia.com');
insert into Recipe_Critic (criticID, fName, lName, email) values (70, 'Leslie', 'Castri', 'lcastri1x@dailymotion.com');
insert into Recipe_Critic (criticID, fName, lName, email) values (71, 'Rafael', 'Wooler', 'rwooler1y@apache.org');
insert into Recipe_Critic (criticID, fName, lName, email) values (72, 'Brittni', 'Manie', 'bmanie1z@umich.edu');
insert into Recipe_Critic (criticID, fName, lName, email) values (73, 'Darby', 'Trayling', 'dtrayling20@army.mil');
insert into Recipe_Critic (criticID, fName, lName, email) values (74, 'Euphemia', 'Rickaby', 'erickaby21@samsung.com');
insert into Recipe_Critic (criticID, fName, lName, email) values (75, 'Charlton', 'Bisco', 'cbisco22@dell.com');
insert into Recipe_Critic (criticID, fName, lName, email) values (76, 'Jillayne', 'Minihan', 'jminihan23@mozilla.com');
insert into Recipe_Critic (criticID, fName, lName, email) values (77, 'Emlynne', 'Wiszniewski', 'ewiszniewski24@privacy.gov.au');
insert into Recipe_Critic (criticID, fName, lName, email) values (78, 'Jeane', 'Dahler', 'jdahler25@example.com');
insert into Recipe_Critic (criticID, fName, lName, email) values (79, 'Gussie', 'Toplis', 'gtoplis26@cam.ac.uk');
insert into Recipe_Critic (criticID, fName, lName, email) values (80, 'Ardene', 'Sorey', 'asorey27@state.gov');
insert into Recipe_Critic (criticID, fName, lName, email) values (81, 'Shepard', 'Penrith', 'spenrith28@hhs.gov');
insert into Recipe_Critic (criticID, fName, lName, email) values (82, 'Michel', 'Tardiff', 'mtardiff29@livejournal.com');
insert into Recipe_Critic (criticID, fName, lName, email) values (83, 'Lianna', 'Sauvage', 'lsauvage2a@istockphoto.com');
insert into Recipe_Critic (criticID, fName, lName, email) values (84, 'Veronike', 'Bowdidge', 'vbowdidge2b@google.com.au');
insert into Recipe_Critic (criticID, fName, lName, email) values (85, 'Ambrosi', 'Cowherd', 'acowherd2c@engadget.com');
insert into Recipe_Critic (criticID, fName, lName, email) values (86, 'Teodor', 'Warrillow', 'twarrillow2d@shinystat.com');
insert into Recipe_Critic (criticID, fName, lName, email) values (87, 'Kathi', 'Hartil', 'khartil2e@howstuffworks.com');
insert into Recipe_Critic (criticID, fName, lName, email) values (88, 'Germaine', 'Siburn', 'gsiburn2f@studiopress.com');
insert into Recipe_Critic (criticID, fName, lName, email) values (89, 'Jean', 'Blaske', 'jblaske2g@constantcontact.com');
insert into Recipe_Critic (criticID, fName, lName, email) values (90, 'Sela', 'Harris', 'sharris2h@cmu.edu');
insert into Recipe_Critic (criticID, fName, lName, email) values (91, 'Violante', 'Conneau', 'vconneau2i@intel.com');
insert into Recipe_Critic (criticID, fName, lName, email) values (92, 'Cornelia', 'Curnick', 'ccurnick2j@technorati.com');
insert into Recipe_Critic (criticID, fName, lName, email) values (93, 'Editha', 'Foker', 'efoker2k@blog.com');
insert into Recipe_Critic (criticID, fName, lName, email) values (94, 'Arlie', 'Delve', 'adelve2l@state.gov');
insert into Recipe_Critic (criticID, fName, lName, email) values (95, 'Consolata', 'Hilldrop', 'chilldrop2m@trellian.com');
insert into Recipe_Critic (criticID, fName, lName, email) values (96, 'Eydie', 'Midford', 'emidford2n@jiathis.com');
insert into Recipe_Critic (criticID, fName, lName, email) values (97, 'Mireielle', 'Beames', 'mbeames2o@discuz.net');
insert into Recipe_Critic (criticID, fName, lName, email) values (98, 'Kaleena', 'Whawell', 'kwhawell2p@w3.org');
insert into Recipe_Critic (criticID, fName, lName, email) values (99, 'Lorne', 'Cholwell', 'lcholwell2q@ft.com');
insert into Recipe_Critic (criticID, fName, lName, email) values (100, 'Debra', 'Sturges', 'dsturges2r@trellian.com');

insert into Recipe_Creator (creatorID, fName, lName, email) values (1, 'Bastian', 'Gollop', 'bgollop0@hugedomains.com');
insert into Recipe_Creator (creatorID, fName, lName, email) values (2, 'Ashely', 'Aggott', 'aaggott1@networkadvertising.org');
insert into Recipe_Creator (creatorID, fName, lName, email) values (3, 'Monti', 'Cullinane', 'mcullinane2@independent.co.uk');
insert into Recipe_Creator (creatorID, fName, lName, email) values (4, 'Natividad', 'Dilloway', 'ndilloway3@vistaprint.com');
insert into Recipe_Creator (creatorID, fName, lName, email) values (5, 'Keefer', 'Herries', 'kherries4@globo.com');
insert into Recipe_Creator (creatorID, fName, lName, email) values (6, 'Julianne', 'Phlippi', 'jphlippi5@addtoany.com');
insert into Recipe_Creator (creatorID, fName, lName, email) values (7, 'Omero', 'Aluard', 'oaluard6@mozilla.com');
insert into Recipe_Creator (creatorID, fName, lName, email) values (8, 'Nicol', 'Giacomoni', 'ngiacomoni7@chron.com');
insert into Recipe_Creator (creatorID, fName, lName, email) values (9, 'Cassius', 'Lahrs', 'clahrs8@dion.ne.jp');
insert into Recipe_Creator (creatorID, fName, lName, email) values (10, 'Leonora', 'Mulderrig', 'lmulderrig9@woothemes.com');
insert into Recipe_Creator (creatorID, fName, lName, email) values (11, 'Ewart', 'Barden', 'ebardena@disqus.com');
insert into Recipe_Creator (creatorID, fName, lName, email) values (12, 'Cariotta', 'Tape', 'ctapeb@google.com.hk');
insert into Recipe_Creator (creatorID, fName, lName, email) values (13, 'Elenore', 'Avis', 'eavisc@slashdot.org');
insert into Recipe_Creator (creatorID, fName, lName, email) values (14, 'Linea', 'Willans', 'lwillansd@narod.ru');
insert into Recipe_Creator (creatorID, fName, lName, email) values (15, 'Dominica', 'Battrick', 'dbattricke@sciencedirect.com');
insert into Recipe_Creator (creatorID, fName, lName, email) values (16, 'Boothe', 'Bowdrey', 'bbowdreyf@ed.gov');
insert into Recipe_Creator (creatorID, fName, lName, email) values (17, 'Linus', 'Tyre', 'ltyreg@technorati.com');
insert into Recipe_Creator (creatorID, fName, lName, email) values (18, 'Maia', 'Kindred', 'mkindredh@google.es');
insert into Recipe_Creator (creatorID, fName, lName, email) values (19, 'Marcy', 'McRuvie', 'mmcruviei@networkadvertising.org');
insert into Recipe_Creator (creatorID, fName, lName, email) values (20, 'Lilyan', 'Rikard', 'lrikardj@jiathis.com');
insert into Recipe_Creator (creatorID, fName, lName, email) values (21, 'Tabbi', 'Gundrey', 'tgundreyk@mtv.com');
insert into Recipe_Creator (creatorID, fName, lName, email) values (22, 'Tarra', 'Whiffin', 'twhiffinl@cmu.edu');
insert into Recipe_Creator (creatorID, fName, lName, email) values (23, 'Rolando', 'Detoile', 'rdetoilem@istockphoto.com');
insert into Recipe_Creator (creatorID, fName, lName, email) values (24, 'Mariska', 'Clipson', 'mclipsonn@shop-pro.jp');
insert into Recipe_Creator (creatorID, fName, lName, email) values (25, 'Garey', 'Kinastan', 'gkinastano@cafepress.com');
insert into Recipe_Creator (creatorID, fName, lName, email) values (26, 'Wang', 'Kupisz', 'wkupiszp@sphinn.com');
insert into Recipe_Creator (creatorID, fName, lName, email) values (27, 'Selinda', 'McRitchie', 'smcritchieq@opera.com');
insert into Recipe_Creator (creatorID, fName, lName, email) values (28, 'Pietro', 'Scintsbury', 'pscintsburyr@noaa.gov');
insert into Recipe_Creator (creatorID, fName, lName, email) values (29, 'Zena', 'Shoute', 'zshoutes@buzzfeed.com');
insert into Recipe_Creator (creatorID, fName, lName, email) values (30, 'Kaitlynn', 'Guynemer', 'kguynemert@va.gov');
insert into Recipe_Creator (creatorID, fName, lName, email) values (31, 'Dorelle', 'Allcoat', 'dallcoatu@nasa.gov');
insert into Recipe_Creator (creatorID, fName, lName, email) values (32, 'John', 'Wibberley', 'jwibberleyv@live.com');
insert into Recipe_Creator (creatorID, fName, lName, email) values (33, 'Cordy', 'Crottagh', 'ccrottaghw@tmall.com');
insert into Recipe_Creator (creatorID, fName, lName, email) values (34, 'Linoel', 'McKernon', 'lmckernonx@livejournal.com');
insert into Recipe_Creator (creatorID, fName, lName, email) values (35, 'Blayne', 'Petera', 'bpeteray@mashable.com');
insert into Recipe_Creator (creatorID, fName, lName, email) values (36, 'Ellette', 'Rosiello', 'erosielloz@umn.edu');
insert into Recipe_Creator (creatorID, fName, lName, email) values (37, 'Arie', 'Ingreda', 'aingreda10@indiegogo.com');
insert into Recipe_Creator (creatorID, fName, lName, email) values (38, 'Burgess', 'Latek', 'blatek11@cbslocal.com');
insert into Recipe_Creator (creatorID, fName, lName, email) values (39, 'Sissie', 'Casaccia', 'scasaccia12@ehow.com');
insert into Recipe_Creator (creatorID, fName, lName, email) values (40, 'Solly', 'Shearme', 'sshearme13@vistaprint.com');
insert into Recipe_Creator (creatorID, fName, lName, email) values (41, 'Addison', 'Scarth', 'ascarth14@weebly.com');
insert into Recipe_Creator (creatorID, fName, lName, email) values (42, 'Allissa', 'Graffham', 'agraffham15@blogtalkradio.com');
insert into Recipe_Creator (creatorID, fName, lName, email) values (43, 'Elsey', 'Suddick', 'esuddick16@exblog.jp');
insert into Recipe_Creator (creatorID, fName, lName, email) values (44, 'Mayne', 'Vivian', 'mvivian17@icq.com');
insert into Recipe_Creator (creatorID, fName, lName, email) values (45, 'Farrah', 'Luis', 'fluis18@nbcnews.com');
insert into Recipe_Creator (creatorID, fName, lName, email) values (46, 'Fulvia', 'Horley', 'fhorley19@merriam-webster.com');
insert into Recipe_Creator (creatorID, fName, lName, email) values (47, 'Harland', 'Bufton', 'hbufton1a@dropbox.com');
insert into Recipe_Creator (creatorID, fName, lName, email) values (48, 'Magdalen', 'Dilgarno', 'mdilgarno1b@is.gd');
insert into Recipe_Creator (creatorID, fName, lName, email) values (49, 'Betteanne', 'Hathwood', 'bhathwood1c@rambler.ru');
insert into Recipe_Creator (creatorID, fName, lName, email) values (50, 'Dareen', 'Docherty', 'ddocherty1d@hao123.com');
insert into Recipe_Creator (creatorID, fName, lName, email) values (51, 'Carmen', 'Hewes', 'chewes1e@upenn.edu');
insert into Recipe_Creator (creatorID, fName, lName, email) values (52, 'Frayda', 'Amery', 'famery1f@ucsd.edu');
insert into Recipe_Creator (creatorID, fName, lName, email) values (53, 'Edgar', 'Peasey', 'epeasey1g@cam.ac.uk');
insert into Recipe_Creator (creatorID, fName, lName, email) values (54, 'Sheffie', 'Gronow', 'sgronow1h@histats.com');
insert into Recipe_Creator (creatorID, fName, lName, email) values (55, 'Tiena', 'Copins', 'tcopins1i@tamu.edu');
insert into Recipe_Creator (creatorID, fName, lName, email) values (56, 'Sabrina', 'Canadine', 'scanadine1j@tiny.cc');
insert into Recipe_Creator (creatorID, fName, lName, email) values (57, 'Clarissa', 'Westwick', 'cwestwick1k@usgs.gov');
insert into Recipe_Creator (creatorID, fName, lName, email) values (58, 'Trixi', 'Postill', 'tpostill1l@chronoengine.com');
insert into Recipe_Creator (creatorID, fName, lName, email) values (59, 'Dael', 'Eldred', 'deldred1m@reuters.com');
insert into Recipe_Creator (creatorID, fName, lName, email) values (60, 'Celestina', 'Eden', 'ceden1n@vkontakte.ru');
insert into Recipe_Creator (creatorID, fName, lName, email) values (61, 'Millisent', 'Sebright', 'msebright1o@purevolume.com');
insert into Recipe_Creator (creatorID, fName, lName, email) values (62, 'Nickie', 'Crooks', 'ncrooks1p@msu.edu');
insert into Recipe_Creator (creatorID, fName, lName, email) values (63, 'Homerus', 'Durnford', 'hdurnford1q@meetup.com');
insert into Recipe_Creator (creatorID, fName, lName, email) values (64, 'Leon', 'Scrine', 'lscrine1r@yolasite.com');
insert into Recipe_Creator (creatorID, fName, lName, email) values (65, 'Melany', 'Hawyes', 'mhawyes1s@scientificamerican.com');
insert into Recipe_Creator (creatorID, fName, lName, email) values (66, 'Bess', 'Rickett', 'brickett1t@salon.com');
insert into Recipe_Creator (creatorID, fName, lName, email) values (67, 'Royce', 'Shapter', 'rshapter1u@bluehost.com');
insert into Recipe_Creator (creatorID, fName, lName, email) values (68, 'Terence', 'Goodluck', 'tgoodluck1v@amazon.co.uk');
insert into Recipe_Creator (creatorID, fName, lName, email) values (69, 'Jaquenette', 'todor', 'jtodor1w@foxnews.com');
insert into Recipe_Creator (creatorID, fName, lName, email) values (70, 'Nessa', 'Inderwick', 'ninderwick1x@linkedin.com');
insert into Recipe_Creator (creatorID, fName, lName, email) values (71, 'Dyane', 'Furzer', 'dfurzer1y@chicagotribune.com');
insert into Recipe_Creator (creatorID, fName, lName, email) values (72, 'Philbert', 'Chugg', 'pchugg1z@wix.com');
insert into Recipe_Creator (creatorID, fName, lName, email) values (73, 'Darbee', 'McMonnies', 'dmcmonnies20@bloglovin.com');
insert into Recipe_Creator (creatorID, fName, lName, email) values (74, 'Erny', 'MacKimmie', 'emackimmie21@acquirethisname.com');
insert into Recipe_Creator (creatorID, fName, lName, email) values (75, 'Luisa', 'Camelli', 'lcamelli22@163.com');
insert into Recipe_Creator (creatorID, fName, lName, email) values (76, 'Melina', 'Duplain', 'mduplain23@photobucket.com');
insert into Recipe_Creator (creatorID, fName, lName, email) values (77, 'Frederigo', 'Ridgway', 'fridgway24@disqus.com');
insert into Recipe_Creator (creatorID, fName, lName, email) values (78, 'Joane', 'Hemmingway', 'jhemmingway25@indiatimes.com');
insert into Recipe_Creator (creatorID, fName, lName, email) values (79, 'Gualterio', 'Biaggelli', 'gbiaggelli26@is.gd');
insert into Recipe_Creator (creatorID, fName, lName, email) values (80, 'Odo', 'Grime', 'ogrime27@howstuffworks.com');
insert into Recipe_Creator (creatorID, fName, lName, email) values (81, 'Greggory', 'Goudge', 'ggoudge28@si.edu');
insert into Recipe_Creator (creatorID, fName, lName, email) values (82, 'Jobi', 'Matuszynski', 'jmatuszynski29@cbc.ca');
insert into Recipe_Creator (creatorID, fName, lName, email) values (83, 'Rowney', 'Sowthcote', 'rsowthcote2a@paypal.com');
insert into Recipe_Creator (creatorID, fName, lName, email) values (84, 'Elysha', 'Van Son', 'evanson2b@google.com.br');
insert into Recipe_Creator (creatorID, fName, lName, email) values (85, 'Kamila', 'Merwede', 'kmerwede2c@trellian.com');
insert into Recipe_Creator (creatorID, fName, lName, email) values (86, 'Carter', 'Stolze', 'cstolze2d@slate.com');
insert into Recipe_Creator (creatorID, fName, lName, email) values (87, 'Klaus', 'Menlow', 'kmenlow2e@sitemeter.com');
insert into Recipe_Creator (creatorID, fName, lName, email) values (88, 'Amalea', 'Dove', 'adove2f@bravesites.com');
insert into Recipe_Creator (creatorID, fName, lName, email) values (89, 'Agathe', 'Moden', 'amoden2g@adobe.com');
insert into Recipe_Creator (creatorID, fName, lName, email) values (90, 'Daryl', 'Skillicorn', 'dskillicorn2h@qq.com');
insert into Recipe_Creator (creatorID, fName, lName, email) values (91, 'Jefferey', 'Masham', 'jmasham2i@phoca.cz');
insert into Recipe_Creator (creatorID, fName, lName, email) values (92, 'Oberon', 'Gobat', 'ogobat2j@infoseek.co.jp');
insert into Recipe_Creator (creatorID, fName, lName, email) values (93, 'Elvin', 'Fairbourne', 'efairbourne2k@answers.com');
insert into Recipe_Creator (creatorID, fName, lName, email) values (94, 'Bordie', 'Leber', 'bleber2l@flickr.com');
insert into Recipe_Creator (creatorID, fName, lName, email) values (95, 'Avivah', 'Dougliss', 'adougliss2m@shutterfly.com');
insert into Recipe_Creator (creatorID, fName, lName, email) values (96, 'Nappie', 'Frankiewicz', 'nfrankiewicz2n@examiner.com');
insert into Recipe_Creator (creatorID, fName, lName, email) values (97, 'Rodie', 'Rohlfing', 'rrohlfing2o@icio.us');
insert into Recipe_Creator (creatorID, fName, lName, email) values (98, 'Ashby', 'Reddish', 'areddish2p@irs.gov');
insert into Recipe_Creator (creatorID, fName, lName, email) values (99, 'Shaw', 'Minty', 'sminty2q@si.edu');
insert into Recipe_Creator (creatorID, fName, lName, email) values (100, 'Karlee', 'Robken', 'krobken2r@cargocollective.com');

insert into Categories (categoryID, course, dietType) values (1, 'Appetizer', 'Vegan');
insert into Categories (categoryID, course, dietType) values (2, 'Appetizer', 'Vegetarian');
insert into Categories (categoryID, course, dietType) values (3, 'Appetizer', 'Dairy-free');
insert into Categories (categoryID, course, dietType) values (4, 'Appetizer', 'Gluten-free');
insert into Categories (categoryID, course, dietType) values (5, 'Appetizer', 'Low-carb');
insert into Categories (categoryID, course, dietType) values (6, 'Entree', 'Vegan');
insert into Categories (categoryID, course, dietType) values (7, 'Entree', 'Vegetarian');
insert into Categories (categoryID, course, dietType) values (8, 'Entree', 'Dairy-free');
insert into Categories (categoryID, course, dietType) values (9, 'Entree', 'Gluten-free');
insert into Categories (categoryID, course, dietType) values (10, 'Entree', 'Low-carb');
insert into Categories (categoryID, course, dietType) values (11, 'Dessert', 'Vegan');
insert into Categories (categoryID, course, dietType) values (12, 'Dessert', 'Vegetarian');
insert into Categories (categoryID, course, dietType) values (13, 'Dessert', 'Dairy-free');
insert into Categories (categoryID, course, dietType) values (14, 'Dessert', 'Gluten-free');
insert into Categories (categoryID, course, dietType) values (15, 'Dessert', 'Low-carb');


insert into Cuisine_Origins (origin, description, originID) values ('China', 'eget elit sodales scelerisque mauris sit amet eros suspendisse accumsan tortor quis turpis sed ante vivamus', 1);
insert into Cuisine_Origins (origin, description, originID) values ('Peru', 'scelerisque mauris sit amet eros suspendisse accumsan tortor quis turpis sed ante vivamus tortor duis mattis egestas metus aenean', 2);
insert into Cuisine_Origins (origin, description, originID) values ('China', 'ultricies eu nibh quisque id justo sit amet sapien dignissim vestibulum', 3);
insert into Cuisine_Origins (origin, description, originID) values ('Belarus', 'in est risus auctor sed tristique in tempus sit amet', 4);
insert into Cuisine_Origins (origin, description, originID) values ('China', 'congue diam id ornare imperdiet sapien urna pretium nisl ut volutpat sapien', 5);
insert into Cuisine_Origins (origin, description, originID) values ('China', 'eget massa tempor convallis nulla neque libero convallis eget eleifend luctus ultricies eu nibh quisque id justo sit amet sapien', 6);
insert into Cuisine_Origins (origin, description, originID) values ('Tanzania', 'ligula suspendisse ornare consequat lectus in est risus auctor sed tristique in tempus sit amet sem fusce consequat nulla', 7);
insert into Cuisine_Origins (origin, description, originID) values ('Poland', 'odio curabitur convallis duis consequat dui nec nisi volutpat eleifend donec ut dolor morbi', 8);
insert into Cuisine_Origins (origin, description, originID) values ('Poland', 'nonummy maecenas tincidunt lacus at velit vivamus vel nulla eget eros elementum pellentesque quisque porta volutpat erat quisque', 9);
insert into Cuisine_Origins (origin, description, originID) values ('Russia', 'quis orci eget orci vehicula condimentum curabitur in libero ut massa volutpat convallis morbi', 10);
insert into Cuisine_Origins (origin, description, originID) values ('Macedonia', 'magna vulputate luctus cum sociis natoque penatibus et magnis dis parturient montes nascetur ridiculus mus vivamus vestibulum', 11);
insert into Cuisine_Origins (origin, description, originID) values ('China', 'justo lacinia eget tincidunt eget tempus vel pede morbi porttitor lorem id ligula suspendisse ornare consequat lectus', 12);
insert into Cuisine_Origins (origin, description, originID) values ('United States', 'erat fermentum justo nec condimentum neque sapien placerat ante nulla justo aliquam quis turpis eget', 13);
insert into Cuisine_Origins (origin, description, originID) values ('Sweden', 'magnis dis parturient montes nascetur ridiculus mus vivamus vestibulum sagittis sapien cum sociis natoque penatibus et magnis dis parturient montes', 14);
insert into Cuisine_Origins (origin, description, originID) values ('Russia', 'quis orci nullam molestie nibh in lectus pellentesque at nulla suspendisse potenti cras in purus eu magna', 15);
insert into Cuisine_Origins (origin, description, originID) values ('Thailand', 'nisl duis ac nibh fusce lacus purus aliquet at feugiat', 16);
insert into Cuisine_Origins (origin, description, originID) values ('China', 'dolor morbi vel lectus in quam fringilla rhoncus mauris enim leo rhoncus sed', 17);
insert into Cuisine_Origins (origin, description, originID) values ('United States', 'accumsan felis ut at dolor quis odio consequat varius integer ac leo pellentesque', 18);
insert into Cuisine_Origins (origin, description, originID) values ('Palestinian Territory', 'luctus et ultrices posuere cubilia curae duis faucibus accumsan odio curabitur convallis duis consequat dui nec nisi volutpat eleifend donec', 19);
insert into Cuisine_Origins (origin, description, originID) values ('Indonesia', 'phasellus id sapien in sapien iaculis congue vivamus metus arcu adipiscing molestie hendrerit at vulputate vitae nisl aenean lectus', 20);
insert into Cuisine_Origins (origin, description, originID) values ('Nepal', 'pulvinar sed nisl nunc rhoncus dui vel sem sed sagittis nam', 21);
insert into Cuisine_Origins (origin, description, originID) values ('Brazil', 'habitasse platea dictumst maecenas ut massa quis augue luctus tincidunt nulla mollis molestie lorem quisque ut erat', 22);
insert into Cuisine_Origins (origin, description, originID) values ('Philippines', 'quam pede lobortis ligula sit amet eleifend pede libero quis orci nullam molestie nibh in lectus', 23);
insert into Cuisine_Origins (origin, description, originID) values ('Poland', 'dapibus augue vel accumsan tellus nisi eu orci mauris lacinia sapien quis libero nullam sit amet turpis elementum ligula vehicula', 24);
insert into Cuisine_Origins (origin, description, originID) values ('Indonesia', 'in lectus pellentesque at nulla suspendisse potenti cras in purus eu magna', 25);
insert into Cuisine_Origins (origin, description, originID) values ('Russia', 'purus eu magna vulputate luctus cum sociis natoque penatibus et magnis dis parturient montes nascetur ridiculus mus', 26);
insert into Cuisine_Origins (origin, description, originID) values ('Bulgaria', 'cursus vestibulum proin eu mi nulla ac enim in tempor turpis nec', 27);
insert into Cuisine_Origins (origin, description, originID) values ('Ethiopia', 'porttitor pede justo eu massa donec dapibus duis at velit eu', 28);
insert into Cuisine_Origins (origin, description, originID) values ('Palestinian Territory', 'ante ipsum primis in faucibus orci luctus et ultrices posuere', 29);
insert into Cuisine_Origins (origin, description, originID) values ('Chad', 'ornare imperdiet sapien urna pretium nisl ut volutpat sapien arcu sed augue aliquam erat', 30);
insert into Cuisine_Origins (origin, description, originID) values ('Albania', 'rhoncus aliquam lacus morbi quis tortor id nulla ultrices aliquet maecenas leo odio condimentum', 31);
insert into Cuisine_Origins (origin, description, originID) values ('Palestinian Territory', 'volutpat dui maecenas tristique est et tempus semper est quam pharetra magna ac consequat metus', 32);
insert into Cuisine_Origins (origin, description, originID) values ('Thailand', 'ac tellus semper interdum mauris ullamcorper purus sit amet nulla quisque arcu libero rutrum', 33);
insert into Cuisine_Origins (origin, description, originID) values ('Peru', 'vestibulum eget vulputate ut ultrices vel augue vestibulum ante ipsum primis in faucibus orci luctus et ultrices posuere cubilia', 34);
insert into Cuisine_Origins (origin, description, originID) values ('Tanzania', 'fusce consequat nulla nisl nunc nisl duis bibendum felis sed interdum venenatis turpis enim blandit', 35);
insert into Cuisine_Origins (origin, description, originID) values ('China', 'eget eros elementum pellentesque quisque porta volutpat erat quisque erat eros viverra eget', 36);
insert into Cuisine_Origins (origin, description, originID) values ('China', 'felis sed lacus morbi sem mauris laoreet ut rhoncus aliquet pulvinar sed nisl nunc rhoncus dui vel', 37);
insert into Cuisine_Origins (origin, description, originID) values ('China', 'nec nisi vulputate nonummy maecenas tincidunt lacus at velit vivamus', 38);
insert into Cuisine_Origins (origin, description, originID) values ('Peru', 'eleifend quam a odio in hac habitasse platea dictumst maecenas ut massa', 39);
insert into Cuisine_Origins (origin, description, originID) values ('Indonesia', 'leo rhoncus sed vestibulum sit amet cursus id turpis integer aliquet massa id lobortis convallis tortor risus dapibus augue', 40);
insert into Cuisine_Origins (origin, description, originID) values ('China', 'metus aenean fermentum donec ut mauris eget massa tempor convallis nulla neque libero convallis eget eleifend luctus ultricies eu', 41);
insert into Cuisine_Origins (origin, description, originID) values ('Brazil', 'purus sit amet nulla quisque arcu libero rutrum ac lobortis vel dapibus at diam nam tristique', 42);
insert into Cuisine_Origins (origin, description, originID) values ('Brazil', 'integer pede justo lacinia eget tincidunt eget tempus vel pede morbi porttitor lorem id ligula suspendisse ornare consequat lectus in', 43);
insert into Cuisine_Origins (origin, description, originID) values ('Ukraine', 'in quis justo maecenas rhoncus aliquam lacus morbi quis tortor id nulla ultrices aliquet maecenas', 44);
insert into Cuisine_Origins (origin, description, originID) values ('Guadeloupe', 'dolor morbi vel lectus in quam fringilla rhoncus mauris enim leo rhoncus', 45);
insert into Cuisine_Origins (origin, description, originID) values ('Poland', 'luctus rutrum nulla tellus in sagittis dui vel nisl duis ac nibh fusce', 46);
insert into Cuisine_Origins (origin, description, originID) values ('Japan', 'pellentesque ultrices mattis odio donec vitae nisi nam ultrices libero non', 47);
insert into Cuisine_Origins (origin, description, originID) values ('China', 'mollis molestie lorem quisque ut erat curabitur gravida nisi at nibh in hac habitasse platea dictumst aliquam', 48);
insert into Cuisine_Origins (origin, description, originID) values ('Ukraine', 'eros suspendisse accumsan tortor quis turpis sed ante vivamus tortor duis mattis egestas metus', 49);
insert into Cuisine_Origins (origin, description, originID) values ('Portugal', 'eget vulputate ut ultrices vel augue vestibulum ante ipsum primis in', 50);
insert into Cuisine_Origins (origin, description, originID) values ('Norway', 'maecenas leo odio condimentum id luctus nec molestie sed justo pellentesque viverra pede ac diam cras pellentesque', 51);
insert into Cuisine_Origins (origin, description, originID) values ('Japan', 'quisque arcu libero rutrum ac lobortis vel dapibus at diam nam tristique tortor', 52);
insert into Cuisine_Origins (origin, description, originID) values ('Norway', 'sapien a libero nam dui proin leo odio porttitor id consequat in consequat ut nulla sed accumsan', 53);
insert into Cuisine_Origins (origin, description, originID) values ('Philippines', 'orci luctus et ultrices posuere cubilia curae nulla dapibus dolor vel est donec odio justo sollicitudin ut suscipit a', 54);
insert into Cuisine_Origins (origin, description, originID) values ('Czech Republic', 'vel pede morbi porttitor lorem id ligula suspendisse ornare consequat lectus in est', 55);
insert into Cuisine_Origins (origin, description, originID) values ('Indonesia', 'sagittis nam congue risus semper porta volutpat quam pede lobortis ligula sit amet eleifend pede libero', 56);
insert into Cuisine_Origins (origin, description, originID) values ('China', 'pede ac diam cras pellentesque volutpat dui maecenas tristique est et tempus semper', 57);
insert into Cuisine_Origins (origin, description, originID) values ('France', 'cras in purus eu magna vulputate luctus cum sociis natoque penatibus et', 58);
insert into Cuisine_Origins (origin, description, originID) values ('Portugal', 'integer ac neque duis bibendum morbi non quam nec dui luctus rutrum nulla tellus in sagittis dui vel', 59);
insert into Cuisine_Origins (origin, description, originID) values ('Iran', 'magna vestibulum aliquet ultrices erat tortor sollicitudin mi sit amet lobortis sapien sapien non mi integer', 60);
insert into Cuisine_Origins (origin, description, originID) values ('China', 'maecenas tristique est et tempus semper est quam pharetra magna ac consequat metus sapien', 61);
insert into Cuisine_Origins (origin, description, originID) values ('Mexico', 'quisque arcu libero rutrum ac lobortis vel dapibus at diam', 62);
insert into Cuisine_Origins (origin, description, originID) values ('Philippines', 'turpis donec posuere metus vitae ipsum aliquam non mauris morbi non lectus aliquam sit', 63);
insert into Cuisine_Origins (origin, description, originID) values ('Russia', 'sem mauris laoreet ut rhoncus aliquet pulvinar sed nisl nunc rhoncus dui vel sem sed sagittis nam congue risus', 64);
insert into Cuisine_Origins (origin, description, originID) values ('Poland', 'varius ut blandit non interdum in ante vestibulum ante ipsum primis', 65);
insert into Cuisine_Origins (origin, description, originID) values ('New Zealand', 'consequat lectus in est risus auctor sed tristique in tempus sit amet sem', 66);
insert into Cuisine_Origins (origin, description, originID) values ('Poland', 'accumsan tortor quis turpis sed ante vivamus tortor duis mattis egestas metus', 67);
insert into Cuisine_Origins (origin, description, originID) values ('Russia', 'nec dui luctus rutrum nulla tellus in sagittis dui vel nisl duis ac nibh', 68);
insert into Cuisine_Origins (origin, description, originID) values ('Tokelau', 'in sapien iaculis congue vivamus metus arcu adipiscing molestie hendrerit at vulputate vitae nisl aenean lectus pellentesque eget', 69);
insert into Cuisine_Origins (origin, description, originID) values ('Russia', 'cras non velit nec nisi vulputate nonummy maecenas tincidunt lacus at velit vivamus vel nulla eget eros elementum pellentesque quisque', 70);
insert into Cuisine_Origins (origin, description, originID) values ('Indonesia', 'duis consequat dui nec nisi volutpat eleifend donec ut dolor morbi vel lectus in quam fringilla rhoncus mauris', 71);
insert into Cuisine_Origins (origin, description, originID) values ('China', 'aliquet ultrices erat tortor sollicitudin mi sit amet lobortis sapien sapien', 72);
insert into Cuisine_Origins (origin, description, originID) values ('Finland', 'convallis nulla neque libero convallis eget eleifend luctus ultricies eu', 73);
insert into Cuisine_Origins (origin, description, originID) values ('Argentina', 'nisi eu orci mauris lacinia sapien quis libero nullam sit', 74);
insert into Cuisine_Origins (origin, description, originID) values ('Sweden', 'faucibus orci luctus et ultrices posuere cubilia curae mauris viverra diam vitae quam suspendisse potenti nullam porttitor', 75);
insert into Cuisine_Origins (origin, description, originID) values ('Indonesia', 'mauris eget massa tempor convallis nulla neque libero convallis eget eleifend luctus ultricies eu nibh quisque id', 76);
insert into Cuisine_Origins (origin, description, originID) values ('Nicaragua', 'quis odio consequat varius integer ac leo pellentesque ultrices mattis odio donec vitae nisi nam ultrices', 77);
insert into Cuisine_Origins (origin, description, originID) values ('China', 'mattis nibh ligula nec sem duis aliquam convallis nunc proin at turpis a pede posuere nonummy', 78);
insert into Cuisine_Origins (origin, description, originID) values ('China', 'lacinia eget tincidunt eget tempus vel pede morbi porttitor lorem id ligula suspendisse', 79);
insert into Cuisine_Origins (origin, description, originID) values ('Myanmar', 'nibh fusce lacus purus aliquet at feugiat non pretium quis lectus suspendisse potenti in eleifend quam', 80);
insert into Cuisine_Origins (origin, description, originID) values ('Indonesia', 'cursus urna ut tellus nulla ut erat id mauris vulputate elementum nullam varius', 81);
insert into Cuisine_Origins (origin, description, originID) values ('Russia', 'id nisl venenatis lacinia aenean sit amet justo morbi ut odio cras mi pede malesuada in imperdiet et commodo', 82);
insert into Cuisine_Origins (origin, description, originID) values ('China', 'mauris viverra diam vitae quam suspendisse potenti nullam porttitor lacus at turpis donec posuere metus vitae ipsum aliquam', 83);
insert into Cuisine_Origins (origin, description, originID) values ('Syria', 'mi nulla ac enim in tempor turpis nec euismod scelerisque quam turpis', 84);
insert into Cuisine_Origins (origin, description, originID) values ('Netherlands', 'nec sem duis aliquam convallis nunc proin at turpis a pede posuere nonummy integer', 85);
insert into Cuisine_Origins (origin, description, originID) values ('United States', 'lacus at turpis donec posuere metus vitae ipsum aliquam non mauris morbi non lectus aliquam sit amet diam', 86);
insert into Cuisine_Origins (origin, description, originID) values ('Cuba', 'rhoncus mauris enim leo rhoncus sed vestibulum sit amet cursus id turpis integer', 87);
insert into Cuisine_Origins (origin, description, originID) values ('Ukraine', 'nulla ac enim in tempor turpis nec euismod scelerisque quam turpis', 88);
insert into Cuisine_Origins (origin, description, originID) values ('Philippines', 'morbi non quam nec dui luctus rutrum nulla tellus in sagittis dui vel', 89);
insert into Cuisine_Origins (origin, description, originID) values ('Morocco', 'accumsan tortor quis turpis sed ante vivamus tortor duis mattis egestas metus aenean fermentum', 90);
insert into Cuisine_Origins (origin, description, originID) values ('Greece', 'justo sit amet sapien dignissim vestibulum vestibulum ante ipsum primis in faucibus orci luctus et ultrices', 91);
insert into Cuisine_Origins (origin, description, originID) values ('Indonesia', 'id nulla ultrices aliquet maecenas leo odio condimentum id luctus nec molestie sed justo pellentesque viverra pede ac diam cras', 92);
insert into Cuisine_Origins (origin, description, originID) values ('Sweden', 'non mattis pulvinar nulla pede ullamcorper augue a suscipit nulla elit ac nulla sed vel', 93);
insert into Cuisine_Origins (origin, description, originID) values ('Egypt', 'hac habitasse platea dictumst aliquam augue quam sollicitudin vitae consectetuer eget', 94);
insert into Cuisine_Origins (origin, description, originID) values ('Canada', 'sit amet nulla quisque arcu libero rutrum ac lobortis vel dapibus at diam nam tristique tortor', 95);
insert into Cuisine_Origins (origin, description, originID) values ('Philippines', 'diam cras pellentesque volutpat dui maecenas tristique est et tempus semper est quam pharetra magna', 96);
insert into Cuisine_Origins (origin, description, originID) values ('Indonesia', 'in quam fringilla rhoncus mauris enim leo rhoncus sed vestibulum sit amet cursus id turpis integer aliquet', 97);
insert into Cuisine_Origins (origin, description, originID) values ('Sweden', 'erat vestibulum sed magna at nunc commodo placerat praesent blandit nam nulla integer pede justo lacinia', 98);
insert into Cuisine_Origins (origin, description, originID) values ('China', 'morbi ut odio cras mi pede malesuada in imperdiet et commodo vulputate justo in blandit', 99);
insert into Cuisine_Origins (origin, description, originID) values ('Indonesia', 'dis parturient montes nascetur ridiculus mus vivamus vestibulum sagittis sapien cum sociis natoque penatibus', 100);

insert into Recipes (title, servings, difficulty, description, originID, categoryID, creatorID, date_created, recipeID) values ('felis', 4, 'Challenging', 'In hac habitasse platea dictumst. Aliquam augue quam, sollicitudin vitae, consectetuer eget, rutrum at, lorem.', '58', '12', '17', '2022-10-21 12:57:22', 1);
insert into Recipes (title, servings, difficulty, description, originID, categoryID, creatorID, date_created, recipeID) values ('quis', 2, 'Challenging', 'Cum sociis natoque penatibus et magnis dis parturient montes, nascetur ridiculus mus. Etiam vel augue. Vestibulum rutrum rutrum neque.', '13', '6', '1', '2022-05-24 19:08:04', 2);
insert into Recipes (title, servings, difficulty, description, originID, categoryID, creatorID, date_created, recipeID) values ('odio', 16, 'Moderate', 'Nulla nisl. Nunc nisl.', '30', '2', '75', '2023-03-20 10:53:53', 3);
insert into Recipes (title, servings, difficulty, description, originID, categoryID, creatorID, date_created, recipeID) values ('at turpis donec', 5, 'Easy', 'Etiam pretium iaculis justo. In hac habitasse platea dictumst.', '75', '14', '3', '2022-03-01 11:56:55', 4);
insert into Recipes (title, servings, difficulty, description, originID, categoryID, creatorID, date_created, recipeID) values ('in congue etiam', 15, 'Challenging', 'Phasellus sit amet erat.', '48', '5', '79', '2023-01-07 23:05:33', 5);
insert into Recipes (title, servings, difficulty, description, originID, categoryID, creatorID, date_created, recipeID) values ('rutrum ac', 13, 'Challenging', 'Integer pede justo, lacinia eget, tincidunt eget, tempus vel, pede. Morbi porttitor lorem id ligula.', '99', '3', '50', '2022-04-05 00:27:08', 6);
insert into Recipes (title, servings, difficulty, description, originID, categoryID, creatorID, date_created, recipeID) values ('dui', 10, 'Easy', 'Donec posuere metus vitae ipsum.', '51', '8', '93', '2022-05-25 03:46:54', 7);
insert into Recipes (title, servings, difficulty, description, originID, categoryID, creatorID, date_created, recipeID) values ('at ipsum', 2, 'Moderate', 'Quisque arcu libero, rutrum ac, lobortis vel, dapibus at, diam. Nam tristique tortor eu pede.', '89', '4', '41', '2022-12-19 08:00:34', 8);
insert into Recipes (title, servings, difficulty, description, originID, categoryID, creatorID, date_created, recipeID) values ('ut volutpat sapien', 1, 'Easy', 'Vivamus tortor. Duis mattis egestas metus. Aenean fermentum.', '1', '13', '65', '2022-02-02 14:56:40', 9);
insert into Recipes (title, servings, difficulty, description, originID, categoryID, creatorID, date_created, recipeID) values ('amet consectetuer', 3, 'Challenging', 'Morbi sem mauris, laoreet ut, rhoncus aliquet, pulvinar sed, nisl.', '47', '15', '39', '2023-02-05 03:08:16', 10);
insert into Recipes (title, servings, difficulty, description, originID, categoryID, creatorID, date_created, recipeID) values ('aliquet ultrices erat', 10, 'Challenging', 'Maecenas tincidunt lacus at velit. Vivamus vel nulla eget eros elementum pellentesque. Quisque porta volutpat erat.', '62', '7', '34', '2022-11-26 03:51:15', 11);
insert into Recipes (title, servings, difficulty, description, originID, categoryID, creatorID, date_created, recipeID) values ('congue', 3, 'Easy', 'Vivamus in felis eu sapien cursus vestibulum. Proin eu mi. Nulla ac enim.', '4', '1', '99', '2022-10-04 17:52:45', 12);
insert into Recipes (title, servings, difficulty, description, originID, categoryID, creatorID, date_created, recipeID) values ('vestibulum sed', 8, 'Moderate', 'Proin leo odio, porttitor id, consequat in, consequat ut, nulla.', '92', '11', '51', '2022-03-17 17:20:31', 13);
insert into Recipes (title, servings, difficulty, description, originID, categoryID, creatorID, date_created, recipeID) values ('iaculis congue', 5, 'Challenging', 'Integer ac neque. Duis bibendum.', '65', '10', '80', '2023-03-26 01:36:46', 14);
insert into Recipes (title, servings, difficulty, description, originID, categoryID, creatorID, date_created, recipeID) values ('augue a suscipit', 9, 'Moderate', 'Cras pellentesque volutpat dui.', '66', '9', '88', '2023-03-12 01:09:51', 15);
insert into Recipes (title, servings, difficulty, description, originID, categoryID, creatorID, date_created, recipeID) values ('odio porttitor', 5, 'Easy', 'Morbi porttitor lorem id ligula.', '5', '14', '18', '2022-03-29 10:10:11', 16);
insert into Recipes (title, servings, difficulty, description, originID, categoryID, creatorID, date_created, recipeID) values ('dolor vel', 12, 'Challenging', 'Curabitur at ipsum ac tellus semper interdum.', '37', '1', '76', '2022-03-04 11:45:25', 17);
insert into Recipes (title, servings, difficulty, description, originID, categoryID, creatorID, date_created, recipeID) values ('integer', 15, 'Challenging', 'Nulla nisl.', '32', '11', '19', '2022-02-17 17:38:05', 18);
insert into Recipes (title, servings, difficulty, description, originID, categoryID, creatorID, date_created, recipeID) values ('mattis nibh ligula', 2, 'Challenging', 'Nulla tellus. In sagittis dui vel nisl. Duis ac nibh.', '76', '2', '13', '2022-08-11 10:21:01', 19);
insert into Recipes (title, servings, difficulty, description, originID, categoryID, creatorID, date_created, recipeID) values ('semper', 12, 'Challenging', 'In hac habitasse platea dictumst. Maecenas ut massa quis augue luctus tincidunt.', '11', '15', '24', '2022-08-07 12:32:26', 20);
insert into Recipes (title, servings, difficulty, description, originID, categoryID, creatorID, date_created, recipeID) values ('vehicula consequat', 6, 'Moderate', 'Cum sociis natoque penatibus et magnis dis parturient montes, nascetur ridiculus mus.', '81', '9', '14', '2022-06-06 19:18:49', 21);
insert into Recipes (title, servings, difficulty, description, originID, categoryID, creatorID, date_created, recipeID) values ('mattis egestas metus', 4, 'Challenging', 'Sed accumsan felis. Ut at dolor quis odio consequat varius. Integer ac leo.', '20', '13', '27', '2022-05-02 09:38:54', 22);
insert into Recipes (title, servings, difficulty, description, originID, categoryID, creatorID, date_created, recipeID) values ('vel dapibus', 3, 'Moderate', 'Curabitur gravida nisi at nibh. In hac habitasse platea dictumst. Aliquam augue quam, sollicitudin vitae, consectetuer eget, rutrum at, lorem.', '15', '10', '43', '2022-12-19 15:16:30', 23);
insert into Recipes (title, servings, difficulty, description, originID, categoryID, creatorID, date_created, recipeID) values ('ultrices', 11, 'Easy', 'Maecenas tristique, est et tempus semper, est quam pharetra magna, ac consequat metus sapien ut nunc.', '23', '8', '92', '2023-02-14 17:58:57', 24);
insert into Recipes (title, servings, difficulty, description, originID, categoryID, creatorID, date_created, recipeID) values ('est', 10, 'Challenging', 'Vestibulum sed magna at nunc commodo placerat.', '94', '3', '22', '2022-11-12 07:31:39', 25);
insert into Recipes (title, servings, difficulty, description, originID, categoryID, creatorID, date_created, recipeID) values ('non ligula pellentesque', 1, 'Easy', 'Donec ut dolor. Morbi vel lectus in quam fringilla rhoncus. Mauris enim leo, rhoncus sed, vestibulum sit amet, cursus id, turpis.', '87', '7', '59', '2022-02-03 00:31:50', 26);
insert into Recipes (title, servings, difficulty, description, originID, categoryID, creatorID, date_created, recipeID) values ('luctus tincidunt nulla', 3, 'Challenging', 'Aliquam augue quam, sollicitudin vitae, consectetuer eget, rutrum at, lorem.', '10', '6', '57', '2022-11-03 14:04:49', 27);
insert into Recipes (title, servings, difficulty, description, originID, categoryID, creatorID, date_created, recipeID) values ('quam', 11, 'Easy', 'Cras in purus eu magna vulputate luctus. Cum sociis natoque penatibus et magnis dis parturient montes, nascetur ridiculus mus.', '40', '4', '89', '2022-12-07 12:25:40', 28);
insert into Recipes (title, servings, difficulty, description, originID, categoryID, creatorID, date_created, recipeID) values ('semper', 4, 'Challenging', 'Vestibulum ante ipsum primis in faucibus orci luctus et ultrices posuere cubilia Curae; Donec pharetra, magna vestibulum aliquet ultrices, erat tortor sollicitudin mi, sit amet lobortis sapien sapien non mi. Integer ac neque. Duis bibendum.', '56', '12', '33', '2022-08-05 05:06:27', 29);
insert into Recipes (title, servings, difficulty, description, originID, categoryID, creatorID, date_created, recipeID) values ('scelerisque', 9, 'Challenging', 'Fusce lacus purus, aliquet at, feugiat non, pretium quis, lectus. Suspendisse potenti.', '57', '5', '21', '2023-03-29 14:46:20', 30);

insert into Reviews (reviewID, criticID, recipeID, date_reviewed, comment, stars) values (1, '71', '8', '2022-08-10 00:22:12', 'Morbi quis tortor id nulla ultrices aliquet. Maecenas leo odio, condimentum id, luctus nec, molestie sed, justo. Pellentesque viverra pede ac diam.', 2);
insert into Reviews (reviewID, criticID, recipeID, date_reviewed, comment, stars) values (2, '73', '26', '2022-03-22 20:54:32', 'Praesent blandit. Nam nulla. Integer pede justo, lacinia eget, tincidunt eget, tempus vel, pede. Morbi porttitor lorem id ligula.', 2);
insert into Reviews (reviewID, criticID, recipeID, date_reviewed, comment, stars) values (3, '1', '7', '2022-07-26 00:12:22', 'Aenean fermentum.', 3);
insert into Reviews (reviewID, criticID, recipeID, date_reviewed, comment, stars) values (4, '47', '9', '2022-04-01 01:05:01', 'Suspendisse accumsan tortor quis turpis. Sed ante.', 3);
insert into Reviews (reviewID, criticID, recipeID, date_reviewed, comment, stars) values (5, '32', '4', '2022-06-28 00:40:10', 'Phasellus sit amet erat. Nulla tempus.', 2);
insert into Reviews (reviewID, criticID, recipeID, date_reviewed, comment, stars) values (6, '84', '28', '2023-01-18 11:55:39', 'Mauris enim leo, rhoncus sed, vestibulum sit amet, cursus id, turpis.', 4);
insert into Reviews (reviewID, criticID, recipeID, date_reviewed, comment, stars) values (7, '17', '23', '2022-01-26 05:27:40', 'Donec quis orci eget orci vehicula condimentum. Curabitur in libero ut massa volutpat convallis. Morbi odio odio, elementum eu, interdum eu, tincidunt in, leo.', 5);
insert into Reviews (reviewID, criticID, recipeID, date_reviewed, comment, stars) values (8, '24', '20', '2022-09-09 23:19:05', 'Nullam orci pede, venenatis non, sodales sed, tincidunt eu, felis.', 3);
insert into Reviews (reviewID, criticID, recipeID, date_reviewed, comment, stars) values (9, '37', '24', '2022-10-22 18:20:13', 'Quisque ut erat. Curabitur gravida nisi at nibh. In hac habitasse platea dictumst.', 3);
insert into Reviews (reviewID, criticID, recipeID, date_reviewed, comment, stars) values (10, '18', '16', '2022-11-01 22:12:25', 'Cras mi pede, malesuada in, imperdiet et, commodo vulputate, justo. In blandit ultrices enim. Lorem ipsum dolor sit amet, consectetuer adipiscing elit.', 3);
insert into Reviews (reviewID, criticID, recipeID, date_reviewed, comment, stars) values (11, '42', '22', '2023-03-23 12:51:27', 'Quisque ut erat. Curabitur gravida nisi at nibh. In hac habitasse platea dictumst. Aliquam augue quam, sollicitudin vitae, consectetuer eget, rutrum at, lorem.', 2);
insert into Reviews (reviewID, criticID, recipeID, date_reviewed, comment, stars) values (12, '40', '18', '2023-02-22 09:28:28', 'Quisque porta volutpat erat. Quisque erat eros, viverra eget, congue eget, semper rutrum, nulla. Nunc purus.', 2);
insert into Reviews (reviewID, criticID, recipeID, date_reviewed, comment, stars) values (13, '87', '19', '2022-01-21 15:45:54', 'Fusce lacus purus, aliquet at, feugiat non, pretium quis, lectus. Suspendisse potenti. In eleifend quam a odio. In hac habitasse platea dictumst.', 3);
insert into Reviews (reviewID, criticID, recipeID, date_reviewed, comment, stars) values (14, '8', '13', '2022-04-03 17:00:09', 'Morbi quis tortor id nulla ultrices aliquet. Maecenas leo odio, condimentum id, luctus nec, molestie sed, justo.', 4);
insert into Reviews (reviewID, criticID, recipeID, date_reviewed, comment, stars) values (15, '50', '15', '2023-04-17 06:34:01', 'Duis consequat dui nec nisi volutpat eleifend. Donec ut dolor. Morbi vel lectus in quam fringilla rhoncus.', 3);
insert into Reviews (reviewID, criticID, recipeID, date_reviewed, comment, stars) values (16, '10', '17', '2022-05-06 05:13:45', 'Integer a nibh. In quis justo.', 3);
insert into Reviews (reviewID, criticID, recipeID, date_reviewed, comment, stars) values (17, '3', '10', '2022-05-08 19:49:04', 'Fusce lacus purus, aliquet at, feugiat non, pretium quis, lectus. Suspendisse potenti.', 3);
insert into Reviews (reviewID, criticID, recipeID, date_reviewed, comment, stars) values (18, '57', '30', '2022-10-17 14:03:46', 'Nunc purus. Phasellus in felis. Donec semper sapien a libero. Nam dui.', 3);
insert into Reviews (reviewID, criticID, recipeID, date_reviewed, comment, stars) values (19, '6', '3', '2022-11-13 15:26:22', 'Maecenas tincidunt lacus at velit. Vivamus vel nulla eget eros elementum pellentesque. Quisque porta volutpat erat. Quisque erat eros, viverra eget, congue eget, semper rutrum, nulla.', 2);
insert into Reviews (reviewID, criticID, recipeID, date_reviewed, comment, stars) values (20, '54', '14', '2022-10-16 13:24:58', 'Lorem ipsum dolor sit amet, consectetuer adipiscing elit. Proin risus. Praesent lectus.', 5);
insert into Reviews (reviewID, criticID, recipeID, date_reviewed, comment, stars) values (21, '82', '21', '2022-02-27 09:57:54', 'Phasellus in felis.', 1);
insert into Reviews (reviewID, criticID, recipeID, date_reviewed, comment, stars) values (22, '66', '29', '2022-01-19 01:32:07', 'Donec ut dolor. Morbi vel lectus in quam fringilla rhoncus.', 3);
insert into Reviews (reviewID, criticID, recipeID, date_reviewed, comment, stars) values (23, '46', '5', '2022-07-13 10:05:43', 'Duis consequat dui nec nisi volutpat eleifend.', 3);
insert into Reviews (reviewID, criticID, recipeID, date_reviewed, comment, stars) values (24, '26', '1', '2023-01-31 01:14:25', 'Cras in purus eu magna vulputate luctus.', 3);
insert into Reviews (reviewID, criticID, recipeID, date_reviewed, comment, stars) values (25, '43', '11', '2022-11-20 20:34:58', 'Proin at turpis a pede posuere nonummy.', 5);
insert into Reviews (reviewID, criticID, recipeID, date_reviewed, comment, stars) values (26, '63', '12', '2022-09-10 00:43:44', 'Nulla tellus. In sagittis dui vel nisl.', 4);
insert into Reviews (reviewID, criticID, recipeID, date_reviewed, comment, stars) values (27, '2', '6', '2023-02-23 20:51:16', 'Quisque ut erat. Curabitur gravida nisi at nibh.', 2);
insert into Reviews (reviewID, criticID, recipeID, date_reviewed, comment, stars) values (28, '86', '2', '2023-03-21 11:31:21', 'Vivamus vel nulla eget eros elementum pellentesque. Quisque porta volutpat erat. Quisque erat eros, viverra eget, congue eget, semper rutrum, nulla.', 3);
insert into Reviews (reviewID, criticID, recipeID, date_reviewed, comment, stars) values (29, '81', '25', '2022-06-06 04:53:47', 'Sed sagittis. Nam congue, risus semper porta volutpat, quam pede lobortis ligula, sit amet eleifend pede libero quis orci. Nullam molestie nibh in lectus.', 5);
insert into Reviews (reviewID, criticID, recipeID, date_reviewed, comment, stars) values (30, '74', '27', '2022-07-16 13:27:06', 'In hac habitasse platea dictumst. Maecenas ut massa quis augue luctus tincidunt. Nulla mollis molestie lorem. Quisque ut erat.', 1);
insert into Reviews (reviewID, criticID, recipeID, date_reviewed, comment, stars) values (31, '55', '22', '2023-03-03 18:47:27', 'Curabitur gravida nisi at nibh. In hac habitasse platea dictumst. Aliquam augue quam, sollicitudin vitae, consectetuer eget, rutrum at, lorem. Integer tincidunt ante vel ipsum.', 1);
insert into Reviews (reviewID, criticID, recipeID, date_reviewed, comment, stars) values (32, '25', '5', '2022-04-08 21:00:34', 'Duis bibendum. Morbi non quam nec dui luctus rutrum. Nulla tellus. In sagittis dui vel nisl.', 1);
insert into Reviews (reviewID, criticID, recipeID, date_reviewed, comment, stars) values (33, '68', '3', '2022-03-01 18:07:21', 'Sed vel enim sit amet nunc viverra dapibus. Nulla suscipit ligula in lacus. Curabitur at ipsum ac tellus semper interdum.', 4);
insert into Reviews (reviewID, criticID, recipeID, date_reviewed, comment, stars) values (34, '85', '24', '2023-01-06 07:15:28', 'Maecenas rhoncus aliquam lacus. Morbi quis tortor id nulla ultrices aliquet. Maecenas leo odio, condimentum id, luctus nec, molestie sed, justo.', 3);
insert into Reviews (reviewID, criticID, recipeID, date_reviewed, comment, stars) values (35, '19', '11', '2023-01-01 03:11:00', 'Maecenas ut massa quis augue luctus tincidunt.', 5);
insert into Reviews (reviewID, criticID, recipeID, date_reviewed, comment, stars) values (36, '56', '14', '2022-05-26 18:51:21', 'Proin at turpis a pede posuere nonummy.', 3);
insert into Reviews (reviewID, criticID, recipeID, date_reviewed, comment, stars) values (37, '77', '19', '2022-02-02 18:29:23', 'Cras non velit nec nisi vulputate nonummy. Maecenas tincidunt lacus at velit.', 3);
insert into Reviews (reviewID, criticID, recipeID, date_reviewed, comment, stars) values (38, '90', '6', '2022-08-31 11:19:19', 'In congue. Etiam justo. Etiam pretium iaculis justo.', 2);
insert into Reviews (reviewID, criticID, recipeID, date_reviewed, comment, stars) values (39, '98', '27', '2022-06-20 05:02:58', 'Maecenas pulvinar lobortis est. Phasellus sit amet erat. Nulla tempus. Vivamus in felis eu sapien cursus vestibulum.', 1);
insert into Reviews (reviewID, criticID, recipeID, date_reviewed, comment, stars) values (40, '29', '18', '2022-10-26 17:58:01', 'Mauris enim leo, rhoncus sed, vestibulum sit amet, cursus id, turpis. Integer aliquet, massa id lobortis convallis, tortor risus dapibus augue, vel accumsan tellus nisi eu orci. Mauris lacinia sapien quis libero.', 3);
insert into Reviews (reviewID, criticID, recipeID, date_reviewed, comment, stars) values (41, '60', '25', '2023-01-09 22:01:24', 'Pellentesque ultrices mattis odio. Donec vitae nisi. Nam ultrices, libero non mattis pulvinar, nulla pede ullamcorper augue, a suscipit nulla elit ac nulla.', 5);
insert into Reviews (reviewID, criticID, recipeID, date_reviewed, comment, stars) values (42, '48', '8', '2022-07-20 03:54:20', 'Suspendisse accumsan tortor quis turpis.', 3);
insert into Reviews (reviewID, criticID, recipeID, date_reviewed, comment, stars) values (43, '96', '4', '2023-04-14 22:44:17', 'Lorem ipsum dolor sit amet, consectetuer adipiscing elit. Proin interdum mauris non ligula pellentesque ultrices.', 1);
insert into Reviews (reviewID, criticID, recipeID, date_reviewed, comment, stars) values (44, '67', '2', '2023-03-29 03:11:57', 'Aenean fermentum. Donec ut mauris eget massa tempor convallis. Nulla neque libero, convallis eget, eleifend luctus, ultricies eu, nibh.', 3);
insert into Reviews (reviewID, criticID, recipeID, date_reviewed, comment, stars) values (45, '65', '28', '2023-04-02 08:44:32', 'Aliquam sit amet diam in magna bibendum imperdiet.', 5);
insert into Reviews (reviewID, criticID, recipeID, date_reviewed, comment, stars) values (46, '51', '23', '2022-10-24 06:24:04', 'Vestibulum quam sapien, varius ut, blandit non, interdum in, ante. Vestibulum ante ipsum primis in faucibus orci luctus et ultrices posuere cubilia Curae; Duis faucibus accumsan odio. Curabitur convallis.', 1);
insert into Reviews (reviewID, criticID, recipeID, date_reviewed, comment, stars) values (47, '12', '10', '2022-04-07 12:09:11', 'Quisque ut erat.', 1);
insert into Reviews (reviewID, criticID, recipeID, date_reviewed, comment, stars) values (48, '39', '7', '2022-04-12 03:30:51', 'Suspendisse potenti. In eleifend quam a odio. In hac habitasse platea dictumst. Maecenas ut massa quis augue luctus tincidunt.', 1);
insert into Reviews (reviewID, criticID, recipeID, date_reviewed, comment, stars) values (49, '97', '1', '2022-03-05 16:38:41', 'Vestibulum quam sapien, varius ut, blandit non, interdum in, ante. Vestibulum ante ipsum primis in faucibus orci luctus et ultrices posuere cubilia Curae; Duis faucibus accumsan odio. Curabitur convallis.', 5);
insert into Reviews (reviewID, criticID, recipeID, date_reviewed, comment, stars) values (50, '7', '15', '2022-11-22 18:55:54', 'Morbi ut odio. Cras mi pede, malesuada in, imperdiet et, commodo vulputate, justo. In blandit ultrices enim. Lorem ipsum dolor sit amet, consectetuer adipiscing elit.', 2);
insert into Reviews (reviewID, criticID, recipeID, date_reviewed, comment, stars) values (51, '70', '13', '2023-03-16 20:26:04', 'Nunc nisl. Duis bibendum, felis sed interdum venenatis, turpis enim blandit mi, in porttitor pede justo eu massa. Donec dapibus.', 4);
insert into Reviews (reviewID, criticID, recipeID, date_reviewed, comment, stars) values (52, '16', '29', '2023-04-16 14:13:29', 'Vivamus in felis eu sapien cursus vestibulum. Proin eu mi. Nulla ac enim. In tempor, turpis nec euismod scelerisque, quam turpis adipiscing lorem, vitae mattis nibh ligula nec sem.', 2);
insert into Reviews (reviewID, criticID, recipeID, date_reviewed, comment, stars) values (53, '58', '16', '2023-01-27 03:08:21', 'Nullam porttitor lacus at turpis.', 1);
insert into Reviews (reviewID, criticID, recipeID, date_reviewed, comment, stars) values (54, '89', '17', '2022-05-12 17:43:46', 'Praesent id massa id nisl venenatis lacinia. Aenean sit amet justo. Morbi ut odio.', 2);
insert into Reviews (reviewID, criticID, recipeID, date_reviewed, comment, stars) values (55, '64', '26', '2023-02-07 12:40:52', 'Duis at velit eu est congue elementum. In hac habitasse platea dictumst. Morbi vestibulum, velit id pretium iaculis, diam erat fermentum justo, nec condimentum neque sapien placerat ante. Nulla justo.', 5);
insert into Reviews (reviewID, criticID, recipeID, date_reviewed, comment, stars) values (56, '76', '20', '2022-08-01 06:45:32', 'Donec dapibus.', 1);
insert into Reviews (reviewID, criticID, recipeID, date_reviewed, comment, stars) values (57, '21', '21', '2022-05-08 04:11:03', 'Donec quis orci eget orci vehicula condimentum. Curabitur in libero ut massa volutpat convallis. Morbi odio odio, elementum eu, interdum eu, tincidunt in, leo.', 2);
insert into Reviews (reviewID, criticID, recipeID, date_reviewed, comment, stars) values (58, '45', '12', '2022-03-07 05:33:23', 'Curabitur gravida nisi at nibh.', 2);
insert into Reviews (reviewID, criticID, recipeID, date_reviewed, comment, stars) values (59, '69', '30', '2022-06-02 05:00:40', 'Integer a nibh. In quis justo. Maecenas rhoncus aliquam lacus. Morbi quis tortor id nulla ultrices aliquet.', 3);
insert into Reviews (reviewID, criticID, recipeID, date_reviewed, comment, stars) values (60, '75', '9', '2022-06-30 09:20:48', 'Nulla tellus.', 5);
insert into Reviews (reviewID, criticID, recipeID, date_reviewed, comment, stars) values (61, '78', '13', '2023-04-05 06:45:42', 'Cras mi pede, malesuada in, imperdiet et, commodo vulputate, justo. In blandit ultrices enim. Lorem ipsum dolor sit amet, consectetuer adipiscing elit. Proin interdum mauris non ligula pellentesque ultrices.', 2);
insert into Reviews (reviewID, criticID, recipeID, date_reviewed, comment, stars) values (62, '80', '5', '2022-09-09 02:10:43', 'Cras mi pede, malesuada in, imperdiet et, commodo vulputate, justo. In blandit ultrices enim. Lorem ipsum dolor sit amet, consectetuer adipiscing elit. Proin interdum mauris non ligula pellentesque ultrices.', 3);
insert into Reviews (reviewID, criticID, recipeID, date_reviewed, comment, stars) values (63, '30', '9', '2022-06-25 10:20:53', 'Vivamus metus arcu, adipiscing molestie, hendrerit at, vulputate vitae, nisl. Aenean lectus. Pellentesque eget nunc. Donec quis orci eget orci vehicula condimentum.', 1);
insert into Reviews (reviewID, criticID, recipeID, date_reviewed, comment, stars) values (64, '92', '11', '2023-01-27 13:48:23', 'Aliquam sit amet diam in magna bibendum imperdiet. Nullam orci pede, venenatis non, sodales sed, tincidunt eu, felis. Fusce posuere felis sed lacus. Morbi sem mauris, laoreet ut, rhoncus aliquet, pulvinar sed, nisl.', 2);
insert into Reviews (reviewID, criticID, recipeID, date_reviewed, comment, stars) values (65, '100', '29', '2022-01-20 08:49:17', 'Vestibulum ac est lacinia nisi venenatis tristique. Fusce congue, diam id ornare imperdiet, sapien urna pretium nisl, ut volutpat sapien arcu sed augue. Aliquam erat volutpat.', 4);
insert into Reviews (reviewID, criticID, recipeID, date_reviewed, comment, stars) values (66, '34', '3', '2023-02-06 07:23:09', 'Integer pede justo, lacinia eget, tincidunt eget, tempus vel, pede. Morbi porttitor lorem id ligula.', 1);
insert into Reviews (reviewID, criticID, recipeID, date_reviewed, comment, stars) values (67, '36', '6', '2022-07-06 16:14:07', 'Phasellus sit amet erat. Nulla tempus. Vivamus in felis eu sapien cursus vestibulum. Proin eu mi.', 3);
insert into Reviews (reviewID, criticID, recipeID, date_reviewed, comment, stars) values (68, '14', '22', '2022-10-29 14:37:32', 'Maecenas rhoncus aliquam lacus. Morbi quis tortor id nulla ultrices aliquet. Maecenas leo odio, condimentum id, luctus nec, molestie sed, justo.', 2);
insert into Reviews (reviewID, criticID, recipeID, date_reviewed, comment, stars) values (69, '49', '1', '2022-01-11 02:14:45', 'Quisque porta volutpat erat. Quisque erat eros, viverra eget, congue eget, semper rutrum, nulla.', 5);
insert into Reviews (reviewID, criticID, recipeID, date_reviewed, comment, stars) values (70, '91', '18', '2022-11-23 08:57:46', 'Vivamus vel nulla eget eros elementum pellentesque. Quisque porta volutpat erat. Quisque erat eros, viverra eget, congue eget, semper rutrum, nulla. Nunc purus.', 2);
insert into Reviews (reviewID, criticID, recipeID, date_reviewed, comment, stars) values (71, '33', '20', '2022-05-18 10:27:32', 'Cras in purus eu magna vulputate luctus. Cum sociis natoque penatibus et magnis dis parturient montes, nascetur ridiculus mus.', 2);
insert into Reviews (reviewID, criticID, recipeID, date_reviewed, comment, stars) values (72, '53', '10', '2023-02-22 12:49:26', 'Maecenas tristique, est et tempus semper, est quam pharetra magna, ac consequat metus sapien ut nunc.', 3);
insert into Reviews (reviewID, criticID, recipeID, date_reviewed, comment, stars) values (73, '44', '23', '2022-04-16 23:27:21', 'Aenean auctor gravida sem. Praesent id massa id nisl venenatis lacinia. Aenean sit amet justo.', 1);
insert into Reviews (reviewID, criticID, recipeID, date_reviewed, comment, stars) values (74, '94', '19', '2022-07-30 04:36:05', 'Donec semper sapien a libero. Nam dui. Proin leo odio, porttitor id, consequat in, consequat ut, nulla.', 5);
insert into Reviews (reviewID, criticID, recipeID, date_reviewed, comment, stars) values (75, '13', '12', '2022-01-25 20:31:44', 'Duis mattis egestas metus.', 2);
insert into Reviews (reviewID, criticID, recipeID, date_reviewed, comment, stars) values (76, '4', '17', '2022-10-13 18:40:40', 'Nullam varius. Nulla facilisi. Cras non velit nec nisi vulputate nonummy.', 1);
insert into Reviews (reviewID, criticID, recipeID, date_reviewed, comment, stars) values (77, '22', '28', '2022-01-06 23:07:22', 'Morbi ut odio. Cras mi pede, malesuada in, imperdiet et, commodo vulputate, justo. In blandit ultrices enim. Lorem ipsum dolor sit amet, consectetuer adipiscing elit.', 3);
insert into Reviews (reviewID, criticID, recipeID, date_reviewed, comment, stars) values (78, '23', '15', '2022-03-10 21:46:51', 'Suspendisse ornare consequat lectus. In est risus, auctor sed, tristique in, tempus sit amet, sem. Fusce consequat. Nulla nisl.', 2);
insert into Reviews (reviewID, criticID, recipeID, date_reviewed, comment, stars) values (79, '99', '8', '2022-05-20 11:46:01', 'Integer pede justo, lacinia eget, tincidunt eget, tempus vel, pede. Morbi porttitor lorem id ligula.', 2);
insert into Reviews (reviewID, criticID, recipeID, date_reviewed, comment, stars) values (80, '15', '14', '2023-01-03 09:16:51', 'Mauris sit amet eros. Suspendisse accumsan tortor quis turpis. Sed ante. Vivamus tortor.', 1);
insert into Reviews (reviewID, criticID, recipeID, date_reviewed, comment, stars) values (81, '62', '24', '2023-03-19 19:17:43', 'Proin eu mi. Nulla ac enim. In tempor, turpis nec euismod scelerisque, quam turpis adipiscing lorem, vitae mattis nibh ligula nec sem.', 4);
insert into Reviews (reviewID, criticID, recipeID, date_reviewed, comment, stars) values (82, '27', '26', '2022-05-26 13:59:25', 'Nullam sit amet turpis elementum ligula vehicula consequat.', 3);
insert into Reviews (reviewID, criticID, recipeID, date_reviewed, comment, stars) values (83, '61', '21', '2023-04-13 17:29:20', 'In hac habitasse platea dictumst. Aliquam augue quam, sollicitudin vitae, consectetuer eget, rutrum at, lorem.', 4);
insert into Reviews (reviewID, criticID, recipeID, date_reviewed, comment, stars) values (84, '28', '27', '2022-05-22 16:48:10', 'Nunc rhoncus dui vel sem.', 1);
insert into Reviews (reviewID, criticID, recipeID, date_reviewed, comment, stars) values (85, '41', '4', '2023-04-13 20:47:13', 'Phasellus id sapien in sapien iaculis congue. Vivamus metus arcu, adipiscing molestie, hendrerit at, vulputate vitae, nisl.', 3);
insert into Reviews (reviewID, criticID, recipeID, date_reviewed, comment, stars) values (86, '5', '7', '2022-03-24 14:19:22', 'Curabitur at ipsum ac tellus semper interdum. Mauris ullamcorper purus sit amet nulla. Quisque arcu libero, rutrum ac, lobortis vel, dapibus at, diam. Nam tristique tortor eu pede.', 1);
insert into Reviews (reviewID, criticID, recipeID, date_reviewed, comment, stars) values (87, '9', '30', '2022-02-04 15:36:03', 'Duis mattis egestas metus. Aenean fermentum.', 3);
insert into Reviews (reviewID, criticID, recipeID, date_reviewed, comment, stars) values (88, '35', '25', '2022-04-25 03:29:23', 'Integer ac neque. Duis bibendum.', 2);
insert into Reviews (reviewID, criticID, recipeID, date_reviewed, comment, stars) values (89, '31', '2', '2022-06-21 02:40:13', 'Maecenas rhoncus aliquam lacus. Morbi quis tortor id nulla ultrices aliquet. Maecenas leo odio, condimentum id, luctus nec, molestie sed, justo.', 1);
insert into Reviews (reviewID, criticID, recipeID, date_reviewed, comment, stars) values (90, '72', '16', '2022-12-01 23:28:10', 'Duis consequat dui nec nisi volutpat eleifend. Donec ut dolor. Morbi vel lectus in quam fringilla rhoncus. Mauris enim leo, rhoncus sed, vestibulum sit amet, cursus id, turpis.', 3);
insert into Reviews (reviewID, criticID, recipeID, date_reviewed, comment, stars) values (91, '52', '17', '2022-12-14 14:38:02', 'Fusce posuere felis sed lacus. Morbi sem mauris, laoreet ut, rhoncus aliquet, pulvinar sed, nisl.', 5);
insert into Reviews (reviewID, criticID, recipeID, date_reviewed, comment, stars) values (92, '11', '3', '2023-02-03 18:47:14', 'Donec quis orci eget orci vehicula condimentum. Curabitur in libero ut massa volutpat convallis. Morbi odio odio, elementum eu, interdum eu, tincidunt in, leo. Maecenas pulvinar lobortis est.', 1);
insert into Reviews (reviewID, criticID, recipeID, date_reviewed, comment, stars) values (93, '83', '21', '2022-04-01 16:53:49', 'Duis consequat dui nec nisi volutpat eleifend.', 2);
insert into Reviews (reviewID, criticID, recipeID, date_reviewed, comment, stars) values (94, '95', '18', '2022-06-09 13:29:17', 'Vestibulum ante ipsum primis in faucibus orci luctus et ultrices posuere cubilia Curae; Donec pharetra, magna vestibulum aliquet ultrices, erat tortor sollicitudin mi, sit amet lobortis sapien sapien non mi. Integer ac neque.', 4);
insert into Reviews (reviewID, criticID, recipeID, date_reviewed, comment, stars) values (95, '79', '27', '2023-04-10 16:15:39', 'Etiam vel augue.', 5);
insert into Reviews (reviewID, criticID, recipeID, date_reviewed, comment, stars) values (96, '38', '12', '2022-01-02 14:13:12', 'Fusce congue, diam id ornare imperdiet, sapien urna pretium nisl, ut volutpat sapien arcu sed augue.', 1);
insert into Reviews (reviewID, criticID, recipeID, date_reviewed, comment, stars) values (97, '88', '28', '2023-02-16 18:56:56', 'Proin eu mi. Nulla ac enim. In tempor, turpis nec euismod scelerisque, quam turpis adipiscing lorem, vitae mattis nibh ligula nec sem.', 2);
insert into Reviews (reviewID, criticID, recipeID, date_reviewed, comment, stars) values (98, '59', '22', '2023-01-17 13:25:02', 'Nulla suscipit ligula in lacus. Curabitur at ipsum ac tellus semper interdum. Mauris ullamcorper purus sit amet nulla.', 1);
insert into Reviews (reviewID, criticID, recipeID, date_reviewed, comment, stars) values (99, '93', '11', '2022-01-28 05:06:43', 'Integer ac leo.', 2);
insert into Reviews (reviewID, criticID, recipeID, date_reviewed, comment, stars) values (100, '56', '5', '2023-03-24 10:20:22', 'Maecenas leo odio, condimentum id, luctus nec, molestie sed, justo. Pellentesque viverra pede ac diam. Cras pellentesque volutpat dui. Maecenas tristique, est et tempus semper, est quam pharetra magna, ac consequat metus sapien ut nunc.', 2);

insert into Bookmarks (criticID, recipeID) values ('80', '12');
insert into Bookmarks (criticID, recipeID) values ('31', '8');
insert into Bookmarks (criticID, recipeID) values ('16', '6');
insert into Bookmarks (criticID, recipeID) values ('93', '27');
insert into Bookmarks (criticID, recipeID) values ('29', '28');
insert into Bookmarks (criticID, recipeID) values ('70', '21');
insert into Bookmarks (criticID, recipeID) values ('48', '20');
insert into Bookmarks (criticID, recipeID) values ('25', '29');
insert into Bookmarks (criticID, recipeID) values ('92', '17');
insert into Bookmarks (criticID, recipeID) values ('84', '4');
insert into Bookmarks (criticID, recipeID) values ('17', '22');
insert into Bookmarks (criticID, recipeID) values ('24', '23');
insert into Bookmarks (criticID, recipeID) values ('89', '18');
insert into Bookmarks (criticID, recipeID) values ('33', '1');
insert into Bookmarks (criticID, recipeID) values ('34', '14');
insert into Bookmarks (criticID, recipeID) values ('96', '5');
insert into Bookmarks (criticID, recipeID) values ('57', '24');
insert into Bookmarks (criticID, recipeID) values ('42', '10');
insert into Bookmarks (criticID, recipeID) values ('30', '11');
insert into Bookmarks (criticID, recipeID) values ('86', '26');
insert into Bookmarks (criticID, recipeID) values ('18', '15');
insert into Bookmarks (criticID, recipeID) values ('83', '16');
insert into Bookmarks (criticID, recipeID) values ('56', '7');
insert into Bookmarks (criticID, recipeID) values ('40', '30');
insert into Bookmarks (criticID, recipeID) values ('9', '2');
insert into Bookmarks (criticID, recipeID) values ('10', '19');
insert into Bookmarks (criticID, recipeID) values ('98', '25');
insert into Bookmarks (criticID, recipeID) values ('90', '9');
insert into Bookmarks (criticID, recipeID) values ('75', '13');
insert into Bookmarks (criticID, recipeID) values ('13', '3');
insert into Bookmarks (criticID, recipeID) values ('6', '1');
insert into Bookmarks (criticID, recipeID) values ('21', '13');
insert into Bookmarks (criticID, recipeID) values ('32', '2');
insert into Bookmarks (criticID, recipeID) values ('22', '7');
insert into Bookmarks (criticID, recipeID) values ('4', '15');
insert into Bookmarks (criticID, recipeID) values ('100', '16');
insert into Bookmarks (criticID, recipeID) values ('91', '22');
insert into Bookmarks (criticID, recipeID) values ('36', '12');
insert into Bookmarks (criticID, recipeID) values ('95', '27');
insert into Bookmarks (criticID, recipeID) values ('38', '10');
insert into Bookmarks (criticID, recipeID) values ('20', '11');
insert into Bookmarks (criticID, recipeID) values ('19', '25');
insert into Bookmarks (criticID, recipeID) values ('54', '21');
insert into Bookmarks (criticID, recipeID) values ('37', '8');
insert into Bookmarks (criticID, recipeID) values ('3', '23');
insert into Bookmarks (criticID, recipeID) values ('72', '5');
insert into Bookmarks (criticID, recipeID) values ('2', '6');
insert into Bookmarks (criticID, recipeID) values ('52', '3');
insert into Bookmarks (criticID, recipeID) values ('11', '28');
insert into Bookmarks (criticID, recipeID) values ('49', '19');
insert into Bookmarks (criticID, recipeID) values ('64', '24');
insert into Bookmarks (criticID, recipeID) values ('67', '30');
insert into Bookmarks (criticID, recipeID) values ('73', '14');
insert into Bookmarks (criticID, recipeID) values ('55', '26');
insert into Bookmarks (criticID, recipeID) values ('82', '29');
insert into Bookmarks (criticID, recipeID) values ('51', '20');
insert into Bookmarks (criticID, recipeID) values ('41', '18');
insert into Bookmarks (criticID, recipeID) values ('99', '9');
insert into Bookmarks (criticID, recipeID) values ('87', '4');
insert into Bookmarks (criticID, recipeID) values ('44', '17');
insert into Bookmarks (criticID, recipeID) values ('59', '2');
insert into Bookmarks (criticID, recipeID) values ('69', '20');
insert into Bookmarks (criticID, recipeID) values ('8', '7');
insert into Bookmarks (criticID, recipeID) values ('88', '27');
insert into Bookmarks (criticID, recipeID) values ('71', '13');
insert into Bookmarks (criticID, recipeID) values ('94', '14');
insert into Bookmarks (criticID, recipeID) values ('58', '11');
insert into Bookmarks (criticID, recipeID) values ('74', '6');
insert into Bookmarks (criticID, recipeID) values ('62', '30');
insert into Bookmarks (criticID, recipeID) values ('97', '12');
insert into Bookmarks (criticID, recipeID) values ('1', '10');
insert into Bookmarks (criticID, recipeID) values ('63', '4');
insert into Bookmarks (criticID, recipeID) values ('79', '1');
insert into Bookmarks (criticID, recipeID) values ('60', '22');
insert into Bookmarks (criticID, recipeID) values ('77', '5');
insert into Bookmarks (criticID, recipeID) values ('5', '29');
insert into Bookmarks (criticID, recipeID) values ('14', '16');
insert into Bookmarks (criticID, recipeID) values ('15', '15');
insert into Bookmarks (criticID, recipeID) values ('28', '8');
insert into Bookmarks (criticID, recipeID) values ('7', '18');
insert into Bookmarks (criticID, recipeID) values ('12', '19');
insert into Bookmarks (criticID, recipeID) values ('85', '24');
insert into Bookmarks (criticID, recipeID) values ('66', '9');
insert into Bookmarks (criticID, recipeID) values ('47', '23');
insert into Bookmarks (criticID, recipeID) values ('76', '21');
insert into Bookmarks (criticID, recipeID) values ('26', '3');
insert into Bookmarks (criticID, recipeID) values ('53', '26');
insert into Bookmarks (criticID, recipeID) values ('45', '28');
insert into Bookmarks (criticID, recipeID) values ('50', '25');
insert into Bookmarks (criticID, recipeID) values ('27', '17');
insert into Bookmarks (criticID, recipeID) values ('81', '25');
insert into Bookmarks (criticID, recipeID) values ('61', '20');
insert into Bookmarks (criticID, recipeID) values ('43', '4');
insert into Bookmarks (criticID, recipeID) values ('23', '15');
insert into Bookmarks (criticID, recipeID) values ('78', '26');
insert into Bookmarks (criticID, recipeID) values ('65', '8');
insert into Bookmarks (criticID, recipeID) values ('35', '2');
insert into Bookmarks (criticID, recipeID) values ('68', '1');
insert into Bookmarks (criticID, recipeID) values ('46', '28');
insert into Bookmarks (criticID, recipeID) values ('23', '12');

insert into Following (criticID, creatorID) values ('4', '86');
insert into Following (criticID, creatorID) values ('56', '4');
insert into Following (criticID, creatorID) values ('60', '48');
insert into Following (criticID, creatorID) values ('86', '65');
insert into Following (criticID, creatorID) values ('72', '75');
insert into Following (criticID, creatorID) values ('52', '5');
insert into Following (criticID, creatorID) values ('59', '84');
insert into Following (criticID, creatorID) values ('89', '30');
insert into Following (criticID, creatorID) values ('83', '49');
insert into Following (criticID, creatorID) values ('95', '34');
insert into Following (criticID, creatorID) values ('61', '39');
insert into Following (criticID, creatorID) values ('57', '3');
insert into Following (criticID, creatorID) values ('80', '88');
insert into Following (criticID, creatorID) values ('30', '41');
insert into Following (criticID, creatorID) values ('43', '46');
insert into Following (criticID, creatorID) values ('54', '16');
insert into Following (criticID, creatorID) values ('58', '87');
insert into Following (criticID, creatorID) values ('3', '10');
insert into Following (criticID, creatorID) values ('13', '80');
insert into Following (criticID, creatorID) values ('42', '77');
insert into Following (criticID, creatorID) values ('53', '83');
insert into Following (criticID, creatorID) values ('100', '76');
insert into Following (criticID, creatorID) values ('17', '45');
insert into Following (criticID, creatorID) values ('98', '20');
insert into Following (criticID, creatorID) values ('87', '70');
insert into Following (criticID, creatorID) values ('64', '64');
insert into Following (criticID, creatorID) values ('73', '36');
insert into Following (criticID, creatorID) values ('75', '17');
insert into Following (criticID, creatorID) values ('20', '15');
insert into Following (criticID, creatorID) values ('77', '62');
insert into Following (criticID, creatorID) values ('27', '9');
insert into Following (criticID, creatorID) values ('40', '92');
insert into Following (criticID, creatorID) values ('8', '78');
insert into Following (criticID, creatorID) values ('15', '12');
insert into Following (criticID, creatorID) values ('41', '54');
insert into Following (criticID, creatorID) values ('47', '6');
insert into Following (criticID, creatorID) values ('38', '31');
insert into Following (criticID, creatorID) values ('35', '40');
insert into Following (criticID, creatorID) values ('74', '90');
insert into Following (criticID, creatorID) values ('91', '98');
insert into Following (criticID, creatorID) values ('45', '61');
insert into Following (criticID, creatorID) values ('79', '53');
insert into Following (criticID, creatorID) values ('90', '97');
insert into Following (criticID, creatorID) values ('25', '1');
insert into Following (criticID, creatorID) values ('46', '18');
insert into Following (criticID, creatorID) values ('22', '91');
insert into Following (criticID, creatorID) values ('48', '73');
insert into Following (criticID, creatorID) values ('37', '22');
insert into Following (criticID, creatorID) values ('97', '42');
insert into Following (criticID, creatorID) values ('49', '11');
insert into Following (criticID, creatorID) values ('28', '99');
insert into Following (criticID, creatorID) values ('32', '28');
insert into Following (criticID, creatorID) values ('55', '8');
insert into Following (criticID, creatorID) values ('67', '58');
insert into Following (criticID, creatorID) values ('51', '25');
insert into Following (criticID, creatorID) values ('19', '52');
insert into Following (criticID, creatorID) values ('66', '21');
insert into Following (criticID, creatorID) values ('6', '95');
insert into Following (criticID, creatorID) values ('10', '100');
insert into Following (criticID, creatorID) values ('81', '85');
insert into Following (criticID, creatorID) values ('31', '37');
insert into Following (criticID, creatorID) values ('21', '44');
insert into Following (criticID, creatorID) values ('2', '96');
insert into Following (criticID, creatorID) values ('65', '93');
insert into Following (criticID, creatorID) values ('16', '66');
insert into Following (criticID, creatorID) values ('23', '56');
insert into Following (criticID, creatorID) values ('29', '2');
insert into Following (criticID, creatorID) values ('18', '50');
insert into Following (criticID, creatorID) values ('92', '89');
insert into Following (criticID, creatorID) values ('94', '81');
insert into Following (criticID, creatorID) values ('14', '94');
insert into Following (criticID, creatorID) values ('88', '51');
insert into Following (criticID, creatorID) values ('93', '82');
insert into Following (criticID, creatorID) values ('11', '27');
insert into Following (criticID, creatorID) values ('44', '69');
insert into Following (criticID, creatorID) values ('50', '71');
insert into Following (criticID, creatorID) values ('78', '24');
insert into Following (criticID, creatorID) values ('68', '68');
insert into Following (criticID, creatorID) values ('5', '47');
insert into Following (criticID, creatorID) values ('82', '79');
insert into Following (criticID, creatorID) values ('96', '23');
insert into Following (criticID, creatorID) values ('99', '13');
insert into Following (criticID, creatorID) values ('70', '7');
insert into Following (criticID, creatorID) values ('85', '72');
insert into Following (criticID, creatorID) values ('71', '74');
insert into Following (criticID, creatorID) values ('62', '59');
insert into Following (criticID, creatorID) values ('34', '19');
insert into Following (criticID, creatorID) values ('24', '14');
insert into Following (criticID, creatorID) values ('1', '57');
insert into Following (criticID, creatorID) values ('69', '67');
insert into Following (criticID, creatorID) values ('26', '32');
insert into Following (criticID, creatorID) values ('84', '29');
insert into Following (criticID, creatorID) values ('76', '43');
insert into Following (criticID, creatorID) values ('63', '55');
insert into Following (criticID, creatorID) values ('7', '35');
insert into Following (criticID, creatorID) values ('9', '38');
insert into Following (criticID, creatorID) values ('12', '63');
insert into Following (criticID, creatorID) values ('33', '60');
insert into Following (criticID, creatorID) values ('39', '26');
insert into Following (criticID, creatorID) values ('38', '52');

insert into Instructions (cookTime, prepTime, recipeID, instructionID) values (593, 523, '1', 1);
insert into Instructions (cookTime, prepTime, recipeID, instructionID) values (93, 130, '2', 2);
insert into Instructions (cookTime, prepTime, recipeID, instructionID) values (421, 667, '3', 3);
insert into Instructions (cookTime, prepTime, recipeID, instructionID) values (31, 119, '4', 4);
insert into Instructions (cookTime, prepTime, recipeID, instructionID) values (104, 153, '5', 5);
insert into Instructions (cookTime, prepTime, recipeID, instructionID) values (389, 360, '6', 6);
insert into Instructions (cookTime, prepTime, recipeID, instructionID) values (701, 681, '7', 7);
insert into Instructions (cookTime, prepTime, recipeID, instructionID) values (215, 615, '8', 8);
insert into Instructions (cookTime, prepTime, recipeID, instructionID) values (96, 436, '9', 9);
insert into Instructions (cookTime, prepTime, recipeID, instructionID) values (397, 558, '10', 10);
insert into Instructions (cookTime, prepTime, recipeID, instructionID) values (181, 95, '11', 11);
insert into Instructions (cookTime, prepTime, recipeID, instructionID) values (80, 59, '12', 12);
insert into Instructions (cookTime, prepTime, recipeID, instructionID) values (302, 702, '13', 13);
insert into Instructions (cookTime, prepTime, recipeID, instructionID) values (52, 388, '14', 14);
insert into Instructions (cookTime, prepTime, recipeID, instructionID) values (698, 39, '15', 15);
insert into Instructions (cookTime, prepTime, recipeID, instructionID) values (189, 64, '16', 16);
insert into Instructions (cookTime, prepTime, recipeID, instructionID) values (380, 240, '17', 17);
insert into Instructions (cookTime, prepTime, recipeID, instructionID) values (330, 652, '18', 18);
insert into Instructions (cookTime, prepTime, recipeID, instructionID) values (188, 409, '19', 19);
insert into Instructions (cookTime, prepTime, recipeID, instructionID) values (13, 467, '20', 20);
insert into Instructions (cookTime, prepTime, recipeID, instructionID) values (221, 630, '21', 21);
insert into Instructions (cookTime, prepTime, recipeID, instructionID) values (425, 228, '22', 22);
insert into Instructions (cookTime, prepTime, recipeID, instructionID) values (529, 205, '23', 23);
insert into Instructions (cookTime, prepTime, recipeID, instructionID) values (197, 178, '24', 24);
insert into Instructions (cookTime, prepTime, recipeID, instructionID) values (348, 399, '25', 25);
insert into Instructions (cookTime, prepTime, recipeID, instructionID) values (678, 34, '26', 26);
insert into Instructions (cookTime, prepTime, recipeID, instructionID) values (489, 495, '27', 27);
insert into Instructions (cookTime, prepTime, recipeID, instructionID) values (538, 137, '28', 28);
insert into Instructions (cookTime, prepTime, recipeID, instructionID) values (674, 331, '29', 29);
insert into Instructions (cookTime, prepTime, recipeID, instructionID) values (294, 84, '30', 30);

insert into Recipe_Ingredients (recipeID, ingredientID, amount, unit) values ('26', '150', 5.199343693, 'et');
insert into Recipe_Ingredients (recipeID, ingredientID, amount, unit) values ('20', '116', 19.181845027, 'proin');
insert into Recipe_Ingredients (recipeID, ingredientID, amount, unit) values ('6', '69', 23.519297922, 'at');
insert into Recipe_Ingredients (recipeID, ingredientID, amount, unit) values ('21', '236', 10.470584246, 'mauris');
insert into Recipe_Ingredients (recipeID, ingredientID, amount, unit) values ('17', '137', 19.565713452, 'lobortis');
insert into Recipe_Ingredients (recipeID, ingredientID, amount, unit) values ('27', '34', 19.760381091, 'ut');
insert into Recipe_Ingredients (recipeID, ingredientID, amount, unit) values ('15', '138', 17.901428698, 'curabitur');
insert into Recipe_Ingredients (recipeID, ingredientID, amount, unit) values ('4', '212', 5.551227202, 'turpis');
insert into Recipe_Ingredients (recipeID, ingredientID, amount, unit) values ('3', '229', 4.10509853, 'dapibus');
insert into Recipe_Ingredients (recipeID, ingredientID, amount, unit) values ('19', '121', 23.853162657, 'vel');
insert into Recipe_Ingredients (recipeID, ingredientID, amount, unit) values ('2', '43', 3.262734373, 'dolor');
insert into Recipe_Ingredients (recipeID, ingredientID, amount, unit) values ('5', '118', 23.772714641, 'condimentum');
insert into Recipe_Ingredients (recipeID, ingredientID, amount, unit) values ('1', '156', 17.537297864, 'dapibus');
insert into Recipe_Ingredients (recipeID, ingredientID, amount, unit) values ('16', '104', 16.135114244, 'malesuada');
insert into Recipe_Ingredients (recipeID, ingredientID, amount, unit) values ('8', '218', 14.749025161, 'lectus');
insert into Recipe_Ingredients (recipeID, ingredientID, amount, unit) values ('12', '49', 16.563438131, 'nam');
insert into Recipe_Ingredients (recipeID, ingredientID, amount, unit) values ('25', '210', 23.662971608, 'congue');
insert into Recipe_Ingredients (recipeID, ingredientID, amount, unit) values ('11', '245', 21.792776626, 'vivamus');
insert into Recipe_Ingredients (recipeID, ingredientID, amount, unit) values ('23', '12', 24.522179526, 'at');
insert into Recipe_Ingredients (recipeID, ingredientID, amount, unit) values ('14', '134', 21.51723164, 'ultrices');
insert into Recipe_Ingredients (recipeID, ingredientID, amount, unit) values ('10', '175', 8.404878225, 'morbi');
insert into Recipe_Ingredients (recipeID, ingredientID, amount, unit) values ('30', '44', 3.914121139, 'cursus');
insert into Recipe_Ingredients (recipeID, ingredientID, amount, unit) values ('22', '208', 14.2990372, 'nunc');
insert into Recipe_Ingredients (recipeID, ingredientID, amount, unit) values ('7', '151', 17.535863188, 'sapien');
insert into Recipe_Ingredients (recipeID, ingredientID, amount, unit) values ('29', '8', 12.058676381, 'augue');
insert into Recipe_Ingredients (recipeID, ingredientID, amount, unit) values ('28', '231', 11.1298918, 'vitae');
insert into Recipe_Ingredients (recipeID, ingredientID, amount, unit) values ('24', '215', 9.847228, 'maecenas');
insert into Recipe_Ingredients (recipeID, ingredientID, amount, unit) values ('9', '26', 13.336397138, 'sapien');
insert into Recipe_Ingredients (recipeID, ingredientID, amount, unit) values ('18', '57', 7.204133729, 'nunc');
insert into Recipe_Ingredients (recipeID, ingredientID, amount, unit) values ('13', '225', 18.771092448, 'fusce');
insert into Recipe_Ingredients (recipeID, ingredientID, amount, unit) values ('24', '131', 19.508244457, 'odio');
insert into Recipe_Ingredients (recipeID, ingredientID, amount, unit) values ('6', '68', 13.207991485, 'tristique');
insert into Recipe_Ingredients (recipeID, ingredientID, amount, unit) values ('7', '176', 9.512781481, 'tortor');
insert into Recipe_Ingredients (recipeID, ingredientID, amount, unit) values ('27', '171', 3.843576047, 'odio');
insert into Recipe_Ingredients (recipeID, ingredientID, amount, unit) values ('26', '163', 13.913985553, 'ut');
insert into Recipe_Ingredients (recipeID, ingredientID, amount, unit) values ('11', '184', 2.251393931, 'in');
insert into Recipe_Ingredients (recipeID, ingredientID, amount, unit) values ('12', '164', 23.741089208, 'volutpat');
insert into Recipe_Ingredients (recipeID, ingredientID, amount, unit) values ('13', '234', 22.255181901, 'morbi');
insert into Recipe_Ingredients (recipeID, ingredientID, amount, unit) values ('15', '122', 14.328863995, 'tempus');
insert into Recipe_Ingredients (recipeID, ingredientID, amount, unit) values ('5', '248', 5.853755772, 'nisi');
insert into Recipe_Ingredients (recipeID, ingredientID, amount, unit) values ('30', '115', 4.548210876, 'donec');
insert into Recipe_Ingredients (recipeID, ingredientID, amount, unit) values ('14', '167', 1.966654063, 'curabitur');
insert into Recipe_Ingredients (recipeID, ingredientID, amount, unit) values ('28', '202', 4.910947342, 'cras');
insert into Recipe_Ingredients (recipeID, ingredientID, amount, unit) values ('2', '64', 1.972373779, 'aliquam');
insert into Recipe_Ingredients (recipeID, ingredientID, amount, unit) values ('22', '40', 8.693468646, 'mus');
insert into Recipe_Ingredients (recipeID, ingredientID, amount, unit) values ('3', '114', 23.429027866, 'pulvinar');
insert into Recipe_Ingredients (recipeID, ingredientID, amount, unit) values ('23', '101', 16.353571897, 'nisl');
insert into Recipe_Ingredients (recipeID, ingredientID, amount, unit) values ('21', '94', 4.626652159, 'massa');
insert into Recipe_Ingredients (recipeID, ingredientID, amount, unit) values ('20', '9', 16.800071633, 'ut');
insert into Recipe_Ingredients (recipeID, ingredientID, amount, unit) values ('17', '196', 24.35934182, 'placerat');
insert into Recipe_Ingredients (recipeID, ingredientID, amount, unit) values ('19', '98', 10.244536255, 'ut');
insert into Recipe_Ingredients (recipeID, ingredientID, amount, unit) values ('18', '133', 12.280271534, 'pretium');
insert into Recipe_Ingredients (recipeID, ingredientID, amount, unit) values ('25', '170', 19.661052186, 'at');
insert into Recipe_Ingredients (recipeID, ingredientID, amount, unit) values ('10', '119', 4.724466218, 'ultrices');
insert into Recipe_Ingredients (recipeID, ingredientID, amount, unit) values ('4', '185', 21.132004404, 'luctus');
insert into Recipe_Ingredients (recipeID, ingredientID, amount, unit) values ('29', '61', 23.890271765, 'turpis');
insert into Recipe_Ingredients (recipeID, ingredientID, amount, unit) values ('9', '48', 21.352495204, 'gravida');
insert into Recipe_Ingredients (recipeID, ingredientID, amount, unit) values ('1', '178', 20.388297766, 'amet');
insert into Recipe_Ingredients (recipeID, ingredientID, amount, unit) values ('16', '60', 15.334980366, 'at');
insert into Recipe_Ingredients (recipeID, ingredientID, amount, unit) values ('8', '21', 1.169191958, 'vitae');
insert into Recipe_Ingredients (recipeID, ingredientID, amount, unit) values ('23', '6', 23.710460121, 'pellentesque');
insert into Recipe_Ingredients (recipeID, ingredientID, amount, unit) values ('19', '107', 9.66114697, 'diam');
insert into Recipe_Ingredients (recipeID, ingredientID, amount, unit) values ('2', '240', 11.863773102, 'duis');
insert into Recipe_Ingredients (recipeID, ingredientID, amount, unit) values ('7', '189', 23.245348357, 'dui');
insert into Recipe_Ingredients (recipeID, ingredientID, amount, unit) values ('15', '56', 10.118810475, 'ac');
insert into Recipe_Ingredients (recipeID, ingredientID, amount, unit) values ('12', '141', 18.926268714, 'nec');
insert into Recipe_Ingredients (recipeID, ingredientID, amount, unit) values ('20', '244', 1.500251794, 'sed');
insert into Recipe_Ingredients (recipeID, ingredientID, amount, unit) values ('10', '132', 3.247471802, 'mauris');
insert into Recipe_Ingredients (recipeID, ingredientID, amount, unit) values ('21', '70', 23.303531955, 'cras');
insert into Recipe_Ingredients (recipeID, ingredientID, amount, unit) values ('26', '235', 9.613446149, 'risus');
insert into Recipe_Ingredients (recipeID, ingredientID, amount, unit) values ('4', '54', 21.15376805, 'orci');
insert into Recipe_Ingredients (recipeID, ingredientID, amount, unit) values ('11', '165', 21.741908207, 'odio');
insert into Recipe_Ingredients (recipeID, ingredientID, amount, unit) values ('5', '23', 10.85391204, 'at');
insert into Recipe_Ingredients (recipeID, ingredientID, amount, unit) values ('13', '109', 7.78826186, 'lorem');
insert into Recipe_Ingredients (recipeID, ingredientID, amount, unit) values ('1', '177', 23.810890101, 'ipsum');
insert into Recipe_Ingredients (recipeID, ingredientID, amount, unit) values ('30', '217', 3.318381719, 'rutrum');
insert into Recipe_Ingredients (recipeID, ingredientID, amount, unit) values ('18', '120', 4.952949399, 'enim');
insert into Recipe_Ingredients (recipeID, ingredientID, amount, unit) values ('25', '46', 3.427170243, 'a');
insert into Recipe_Ingredients (recipeID, ingredientID, amount, unit) values ('24', '45', 7.173072971, 'posuere');
insert into Recipe_Ingredients (recipeID, ingredientID, amount, unit) values ('28', '206', 15.417983337, 'magna');
insert into Recipe_Ingredients (recipeID, ingredientID, amount, unit) values ('8', '136', 16.142606885, 'curabitur');
insert into Recipe_Ingredients (recipeID, ingredientID, amount, unit) values ('27', '169', 2.64588168, 'morbi');
insert into Recipe_Ingredients (recipeID, ingredientID, amount, unit) values ('6', '108', 18.375150201, 'proin');
insert into Recipe_Ingredients (recipeID, ingredientID, amount, unit) values ('29', '145', 17.555355002, 'potenti');
insert into Recipe_Ingredients (recipeID, ingredientID, amount, unit) values ('22', '186', 6.789637076, 'eu');
insert into Recipe_Ingredients (recipeID, ingredientID, amount, unit) values ('16', '55', 16.476613244, 'sodales');
insert into Recipe_Ingredients (recipeID, ingredientID, amount, unit) values ('9', '2', 20.780314623, 'fusce');
insert into Recipe_Ingredients (recipeID, ingredientID, amount, unit) values ('14', '192', 12.909413714, 'dis');
insert into Recipe_Ingredients (recipeID, ingredientID, amount, unit) values ('17', '153', 9.531523193, 'luctus');
insert into Recipe_Ingredients (recipeID, ingredientID, amount, unit) values ('3', '71', 16.644040099, 'tempus');
insert into Recipe_Ingredients (recipeID, ingredientID, amount, unit) values ('6', '78', 10.58164727, 'eget');
insert into Recipe_Ingredients (recipeID, ingredientID, amount, unit) values ('21', '24', 12.929503966, 'purus');
insert into Recipe_Ingredients (recipeID, ingredientID, amount, unit) values ('25', '222', 18.190804229, 'eleifend');
insert into Recipe_Ingredients (recipeID, ingredientID, amount, unit) values ('23', '65', 17.730554597, 'ultrices');
insert into Recipe_Ingredients (recipeID, ingredientID, amount, unit) values ('30', '200', 3.140471382, 'volutpat');
insert into Recipe_Ingredients (recipeID, ingredientID, amount, unit) values ('29', '182', 11.94782968, 'et');
insert into Recipe_Ingredients (recipeID, ingredientID, amount, unit) values ('3', '74', 19.709544681, 'tempus');
insert into Recipe_Ingredients (recipeID, ingredientID, amount, unit) values ('12', '32', 9.450951561, 'justo');
insert into Recipe_Ingredients (recipeID, ingredientID, amount, unit) values ('11', '195', 13.357815049, 'turpis');
insert into Recipe_Ingredients (recipeID, ingredientID, amount, unit) values ('7', '238', 16.679751995, 'vel');

insert into Instruction_Step (step, instructionID, recipeID, stepNum) values ('Integer aliquet, massa id lobortis convallis, tortor risus dapibus augue, vel accumsan tellus nisi eu orci. Mauris lacinia sapien quis libero.', '1', '1', 1);
insert into Instruction_Step (step, instructionID, recipeID, stepNum) values ('Praesent lectus. Vestibulum quam sapien, varius ut, blandit non, interdum in, ante. Vestibulum ante ipsum primis in faucibus orci luctus et ultrices posuere cubilia Curae; Duis faucibus accumsan odio.', '2', '2', 1);
insert into Instruction_Step (step, instructionID, recipeID, stepNum) values ('Nullam sit amet turpis elementum ligula vehicula consequat.', '3', '3', 1);
insert into Instruction_Step (step, instructionID, recipeID, stepNum) values ('Morbi a ipsum. Integer a nibh. In quis justo.', '4', '4', 1);
insert into Instruction_Step (step, instructionID, recipeID, stepNum) values ('Fusce lacus purus, aliquet at, feugiat non, pretium quis, lectus.', '5', '5', 1);
insert into Instruction_Step (step, instructionID, recipeID, stepNum) values ('Maecenas tincidunt lacus at velit. Vivamus vel nulla eget eros elementum pellentesque.', '6', '6', 1);
insert into Instruction_Step (step, instructionID, recipeID, stepNum) values ('Nam ultrices, libero non mattis pulvinar, nulla pede ullamcorper augue, a suscipit nulla elit ac nulla. Sed vel enim sit amet nunc viverra dapibus.', '7', '7', 1);
insert into Instruction_Step (step, instructionID, recipeID, stepNum) values ('Aliquam augue quam, sollicitudin vitae, consectetuer eget, rutrum at, lorem. Integer tincidunt ante vel ipsum. Praesent blandit lacinia erat.', '8', '8', 1);
insert into Instruction_Step (step, instructionID, recipeID, stepNum) values ('In sagittis dui vel nisl. Duis ac nibh.', '9', '9', 1);
insert into Instruction_Step (step, instructionID, recipeID, stepNum) values ('Curabitur at ipsum ac tellus semper interdum. Mauris ullamcorper purus sit amet nulla.', '10', '10', 1);
insert into Instruction_Step (step, instructionID, recipeID, stepNum) values ('Maecenas leo odio, condimentum id, luctus nec, molestie sed, justo. Pellentesque viverra pede ac diam.', '11', '11', 1);
insert into Instruction_Step (step, instructionID, recipeID, stepNum) values ('Suspendisse potenti. In eleifend quam a odio. In hac habitasse platea dictumst.', '12', '12', 1);
insert into Instruction_Step (step, instructionID, recipeID, stepNum) values ('Donec posuere metus vitae ipsum. Aliquam non mauris. Morbi non lectus.', '13', '13', 1);
insert into Instruction_Step (step, instructionID, recipeID, stepNum) values ('Integer aliquet, massa id lobortis convallis, tortor risus dapibus augue, vel accumsan tellus nisi eu orci. Mauris lacinia sapien quis libero.', '14', '14', 1);
insert into Instruction_Step (step, instructionID, recipeID, stepNum) values ('Nulla facilisi. Cras non velit nec nisi vulputate nonummy.', '15', '15', 1);
insert into Instruction_Step (step, instructionID, recipeID, stepNum) values ('Cras mi pede, malesuada in, imperdiet et, commodo vulputate, justo. In blandit ultrices enim.', '16', '16', 1);
insert into Instruction_Step (step, instructionID, recipeID, stepNum) values ('Sed sagittis. Nam congue, risus semper porta volutpat, quam pede lobortis ligula, sit amet eleifend pede libero quis orci. Nullam molestie nibh in lectus.', '17', '17', 1);
insert into Instruction_Step (step, instructionID, recipeID, stepNum) values ('Pellentesque eget nunc.', '18', '18', 1);
insert into Instruction_Step (step, instructionID, recipeID, stepNum) values ('Nulla tellus. In sagittis dui vel nisl. Duis ac nibh.', '19', '19', 1);
insert into Instruction_Step (step, instructionID, recipeID, stepNum) values ('Aliquam erat volutpat.', '20', '20', 1);
insert into Instruction_Step (step, instructionID, recipeID, stepNum) values ('Suspendisse potenti. In eleifend quam a odio. In hac habitasse platea dictumst.', '21', '21', 1);
insert into Instruction_Step (step, instructionID, recipeID, stepNum) values ('Nullam orci pede, venenatis non, sodales sed, tincidunt eu, felis. Fusce posuere felis sed lacus. Morbi sem mauris, laoreet ut, rhoncus aliquet, pulvinar sed, nisl.', '22', '22', 1);
insert into Instruction_Step (step, instructionID, recipeID, stepNum) values ('Phasellus id sapien in sapien iaculis congue.', '23', '23', 1);
insert into Instruction_Step (step, instructionID, recipeID, stepNum) values ('In eleifend quam a odio. In hac habitasse platea dictumst. Maecenas ut massa quis augue luctus tincidunt.', '24', '24', 1);
insert into Instruction_Step (step, instructionID, recipeID, stepNum) values ('Suspendisse accumsan tortor quis turpis.', '25', '25', 1);
insert into Instruction_Step (step, instructionID, recipeID, stepNum) values ('Nulla nisl. Nunc nisl. Duis bibendum, felis sed interdum venenatis, turpis enim blandit mi, in porttitor pede justo eu massa.', '26', '26', 1);
insert into Instruction_Step (step, instructionID, recipeID, stepNum) values ('Nam nulla. Integer pede justo, lacinia eget, tincidunt eget, tempus vel, pede.', '27', '27', 1);
insert into Instruction_Step (step, instructionID, recipeID, stepNum) values ('Nullam molestie nibh in lectus. Pellentesque at nulla.', '28', '28', 1);
insert into Instruction_Step (step, instructionID, recipeID, stepNum) values ('Cras in purus eu magna vulputate luctus. Cum sociis natoque penatibus et magnis dis parturient montes, nascetur ridiculus mus.', '29', '29', 1);
insert into Instruction_Step (step, instructionID, recipeID, stepNum) values ('Quisque ut erat. Curabitur gravida nisi at nibh.', '30', '30', 1);
insert into Instruction_Step (step, instructionID, recipeID, stepNum) values ('Curabitur gravida nisi at nibh. In hac habitasse platea dictumst.', '1', '1', 2);
insert into Instruction_Step (step, instructionID, recipeID, stepNum) values ('Nullam sit amet turpis elementum ligula vehicula consequat. Morbi a ipsum.', '2', '2', 2);
insert into Instruction_Step (step, instructionID, recipeID, stepNum) values ('Donec posuere metus vitae ipsum. Aliquam non mauris. Morbi non lectus.', '3', '3', 2);
insert into Instruction_Step (step, instructionID, recipeID, stepNum) values ('Quisque erat eros, viverra eget, congue eget, semper rutrum, nulla. Nunc purus. Phasellus in felis.', '4', '4', 2);
insert into Instruction_Step (step, instructionID, recipeID, stepNum) values ('Quisque ut erat. Curabitur gravida nisi at nibh.', '5', '5', 2);
insert into Instruction_Step (step, instructionID, recipeID, stepNum) values ('Nulla ac enim. In tempor, turpis nec euismod scelerisque, quam turpis adipiscing lorem, vitae mattis nibh ligula nec sem. Duis aliquam convallis nunc.', '6', '6', 2);
insert into Instruction_Step (step, instructionID, recipeID, stepNum) values ('Fusce consequat.', '7', '7', 2);
insert into Instruction_Step (step, instructionID, recipeID, stepNum) values ('Cras in purus eu magna vulputate luctus. Cum sociis natoque penatibus et magnis dis parturient montes, nascetur ridiculus mus. Vivamus vestibulum sagittis sapien.', '8', '8', 2);
insert into Instruction_Step (step, instructionID, recipeID, stepNum) values ('Aliquam quis turpis eget elit sodales scelerisque. Mauris sit amet eros. Suspendisse accumsan tortor quis turpis.', '9', '9', 2);
insert into Instruction_Step (step, instructionID, recipeID, stepNum) values ('Duis mattis egestas metus. Aenean fermentum. Donec ut mauris eget massa tempor convallis.', '10', '10', 2);
insert into Instruction_Step (step, instructionID, recipeID, stepNum) values ('In hac habitasse platea dictumst.', '11', '11', 2);
insert into Instruction_Step (step, instructionID, recipeID, stepNum) values ('Integer aliquet, massa id lobortis convallis, tortor risus dapibus augue, vel accumsan tellus nisi eu orci. Mauris lacinia sapien quis libero.', '12', '12', 2);
insert into Instruction_Step (step, instructionID, recipeID, stepNum) values ('Proin eu mi. Nulla ac enim.', '13', '13', 2);
insert into Instruction_Step (step, instructionID, recipeID, stepNum) values ('Lorem ipsum dolor sit amet, consectetuer adipiscing elit.', '14', '14', 2);
insert into Instruction_Step (step, instructionID, recipeID, stepNum) values ('Phasellus id sapien in sapien iaculis congue. Vivamus metus arcu, adipiscing molestie, hendrerit at, vulputate vitae, nisl.', '15', '15', 2);
insert into Instruction_Step (step, instructionID, recipeID, stepNum) values ('Sed sagittis. Nam congue, risus semper porta volutpat, quam pede lobortis ligula, sit amet eleifend pede libero quis orci.', '16', '16', 2);
insert into Instruction_Step (step, instructionID, recipeID, stepNum) values ('Nulla justo. Aliquam quis turpis eget elit sodales scelerisque. Mauris sit amet eros.', '17', '17', 2);
insert into Instruction_Step (step, instructionID, recipeID, stepNum) values ('Donec ut mauris eget massa tempor convallis. Nulla neque libero, convallis eget, eleifend luctus, ultricies eu, nibh. Quisque id justo sit amet sapien dignissim vestibulum.', '18', '18', 2);
insert into Instruction_Step (step, instructionID, recipeID, stepNum) values ('Vestibulum rutrum rutrum neque.', '19', '19', 2);
insert into Instruction_Step (step, instructionID, recipeID, stepNum) values ('Fusce posuere felis sed lacus. Morbi sem mauris, laoreet ut, rhoncus aliquet, pulvinar sed, nisl. Nunc rhoncus dui vel sem.', '20', '20', 2);
insert into Instruction_Step (step, instructionID, recipeID, stepNum) values ('Maecenas leo odio, condimentum id, luctus nec, molestie sed, justo.', '21', '21', 2);
insert into Instruction_Step (step, instructionID, recipeID, stepNum) values ('Quisque ut erat. Curabitur gravida nisi at nibh. In hac habitasse platea dictumst.', '22', '22', 2);
insert into Instruction_Step (step, instructionID, recipeID, stepNum) values ('Nam dui.', '23', '23', 2);
insert into Instruction_Step (step, instructionID, recipeID, stepNum) values ('Integer ac leo. Pellentesque ultrices mattis odio.', '24', '24', 2);
insert into Instruction_Step (step, instructionID, recipeID, stepNum) values ('Vestibulum ante ipsum primis in faucibus orci luctus et ultrices posuere cubilia Curae; Mauris viverra diam vitae quam.', '25', '25', 2);
insert into Instruction_Step (step, instructionID, recipeID, stepNum) values ('Cras mi pede, malesuada in, imperdiet et, commodo vulputate, justo.', '26', '26', 2);
insert into Instruction_Step (step, instructionID, recipeID, stepNum) values ('Curabitur at ipsum ac tellus semper interdum.', '27', '27', 2);
insert into Instruction_Step (step, instructionID, recipeID, stepNum) values ('In sagittis dui vel nisl. Duis ac nibh.', '28', '28', 2);
insert into Instruction_Step (step, instructionID, recipeID, stepNum) values ('Nullam porttitor lacus at turpis. Donec posuere metus vitae ipsum. Aliquam non mauris.', '29', '29', 2);
insert into Instruction_Step (step, instructionID, recipeID, stepNum) values ('Praesent blandit lacinia erat.', '30', '30', 2);
insert into Instruction_Step (step, instructionID, recipeID, stepNum) values ('Aliquam augue quam, sollicitudin vitae, consectetuer eget, rutrum at, lorem. Integer tincidunt ante vel ipsum. Praesent blandit lacinia erat.', '1', '1', 3);
insert into Instruction_Step (step, instructionID, recipeID, stepNum) values ('Nulla tempus. Vivamus in felis eu sapien cursus vestibulum. Proin eu mi.', '2', '2', 3);
insert into Instruction_Step (step, instructionID, recipeID, stepNum) values ('Vestibulum quam sapien, varius ut, blandit non, interdum in, ante.', '3', '3', 3);
insert into Instruction_Step (step, instructionID, recipeID, stepNum) values ('Mauris lacinia sapien quis libero.', '4', '4', 3);
insert into Instruction_Step (step, instructionID, recipeID, stepNum) values ('Ut tellus.', '5', '5', 3);
insert into Instruction_Step (step, instructionID, recipeID, stepNum) values ('Ut at dolor quis odio consequat varius.', '6', '6', 3);
insert into Instruction_Step (step, instructionID, recipeID, stepNum) values ('Quisque arcu libero, rutrum ac, lobortis vel, dapibus at, diam. Nam tristique tortor eu pede.', '7', '7', 3);
insert into Instruction_Step (step, instructionID, recipeID, stepNum) values ('Nam dui.', '8', '8', 3);
insert into Instruction_Step (step, instructionID, recipeID, stepNum) values ('Phasellus id sapien in sapien iaculis congue.', '9', '9', 3);
insert into Instruction_Step (step, instructionID, recipeID, stepNum) values ('Duis at velit eu est congue elementum. In hac habitasse platea dictumst. Morbi vestibulum, velit id pretium iaculis, diam erat fermentum justo, nec condimentum neque sapien placerat ante.', '10', '10', 3);
insert into Instruction_Step (step, instructionID, recipeID, stepNum) values ('Proin eu mi. Nulla ac enim.', '11', '11', 3);
insert into Instruction_Step (step, instructionID, recipeID, stepNum) values ('Maecenas pulvinar lobortis est.', '12', '12', 3);
insert into Instruction_Step (step, instructionID, recipeID, stepNum) values ('Praesent blandit. Nam nulla. Integer pede justo, lacinia eget, tincidunt eget, tempus vel, pede.', '13', '13', 3);
insert into Instruction_Step (step, instructionID, recipeID, stepNum) values ('Donec diam neque, vestibulum eget, vulputate ut, ultrices vel, augue. Vestibulum ante ipsum primis in faucibus orci luctus et ultrices posuere cubilia Curae.', '14', '14', 3);
insert into Instruction_Step (step, instructionID, recipeID, stepNum) values ('Duis bibendum. Morbi non quam nec dui luctus rutrum. Nulla tellus.', '15', '15', 3);
insert into Instruction_Step (step, instructionID, recipeID, stepNum) values ('Maecenas pulvinar lobortis est. Phasellus sit amet erat.', '16', '16', 3);
insert into Instruction_Step (step, instructionID, recipeID, stepNum) values ('Cras mi pede, malesuada in, imperdiet et, commodo vulputate, justo. In blandit ultrices enim.', '17', '17', 3);
insert into Instruction_Step (step, instructionID, recipeID, stepNum) values ('Cras mi pede, malesuada in, imperdiet et, commodo vulputate, justo. In blandit ultrices enim.', '18', '18', 3);
insert into Instruction_Step (step, instructionID, recipeID, stepNum) values ('Nulla neque libero, convallis eget, eleifend luctus, ultricies eu, nibh. Quisque id justo sit amet sapien dignissim vestibulum.', '19', '19', 3);
insert into Instruction_Step (step, instructionID, recipeID, stepNum) values ('Donec ut dolor. Morbi vel lectus in quam fringilla rhoncus.', '20', '20', 3);
insert into Instruction_Step (step, instructionID, recipeID, stepNum) values ('Vivamus vestibulum sagittis sapien.', '21', '21', 3);
insert into Instruction_Step (step, instructionID, recipeID, stepNum) values ('Donec quis orci eget orci vehicula condimentum. Curabitur in libero ut massa volutpat convallis. Morbi odio odio, elementum eu, interdum eu, tincidunt in, leo.', '22', '22', 3);
insert into Instruction_Step (step, instructionID, recipeID, stepNum) values ('Aliquam sit amet diam in magna bibendum imperdiet. Nullam orci pede, venenatis non, sodales sed, tincidunt eu, felis. Fusce posuere felis sed lacus.', '23', '23', 3);
insert into Instruction_Step (step, instructionID, recipeID, stepNum) values ('Mauris ullamcorper purus sit amet nulla. Quisque arcu libero, rutrum ac, lobortis vel, dapibus at, diam. Nam tristique tortor eu pede.', '24', '24', 3);
insert into Instruction_Step (step, instructionID, recipeID, stepNum) values ('Donec posuere metus vitae ipsum. Aliquam non mauris.', '25', '25', 3);
insert into Instruction_Step (step, instructionID, recipeID, stepNum) values ('Vestibulum rutrum rutrum neque.', '26', '26', 3);
insert into Instruction_Step (step, instructionID, recipeID, stepNum) values ('Quisque ut erat.', '27', '27', 3);
insert into Instruction_Step (step, instructionID, recipeID, stepNum) values ('Integer ac neque. Duis bibendum. Morbi non quam nec dui luctus rutrum.', '28', '28', 3);
insert into Instruction_Step (step, instructionID, recipeID, stepNum) values ('Lorem ipsum dolor sit amet, consectetuer adipiscing elit.', '29', '29', 3);
insert into Instruction_Step (step, instructionID, recipeID, stepNum) values ('Duis ac nibh.', '30', '30', 3);

INSERT INTO Cuisine_Origins (origin, description, originID) VALUES ('Italian', 'Caprese salad originated in the 1950s on the island of Capri, Italy as a tribute to the colors of the Italian flag.', 1001);
INSERT INTO Cuisine_Origins (origin, description, originID) VALUES ('Middle Eastern', 'Baklava is a sweet pastry that originated in the Middle East and is made with layers of phyllo dough, nuts, and sweet syrup or honey.', 1002);
INSERT INTO Cuisine_Origins (origin, description, originID) VALUES ('Mediterranean', 'Grilling chicken with a lemon and herb marinade is a common cooking method in Mediterranean and Middle Eastern cuisines.', 1003);

INSERT INTO Recipes (title, servings, difficulty, description, originID, categoryID, creatorID, recipeID) VALUES
('Baklava', 12, 'Challenging', 'This vegan baklava recipe is a classic Middle Eastern dessert made with layers of crispy phyllo dough, a sweet and nutty filling, and a fragrant honey or maple syrup glaze, making for a delicious and indulgent treat that is perfect for sharing.', 1002, 5, 1, 1001);
INSERT INTO Recipes (title, servings, difficulty, description, originID, categoryID, creatorID, recipeID) VALUES
('Caprese Salad', 3, 'Easy', 'This easy and simple Caprese salad recipe is a classic Italian dish that features ripe tomatoes, fresh mozzarella, and fragrant basil leaves drizzled with extra-virgin olive oil and seasoned with salt and pepper, making for a light and refreshing appetizer or side dish.', 1001, 1, 3, 1002);
INSERT INTO Recipes (title, servings, difficulty, description, originID, categoryID, creatorID, recipeID) VALUES
('Grilled Lemon-Herb Chicken', 4, 'Moderate', 'This Grilled Lemon-Herb Chicken recipe is a simple and flavorful dairy-free entree that features juicy and tender chicken breasts marinated in a zesty blend of olive oil, lemon, garlic, and fresh herbs.', 1003, 2, 2, 1003);

-- For Baklava
INSERT INTO Ingredients (name, ingredientID) VALUES ('Phyllo dough', 1001);
INSERT INTO Ingredients (name, ingredientID) VALUES ('coconut oil', 1002);
INSERT INTO Ingredients (name, ingredientID) VALUES ('nuts ', 1003);
INSERT INTO Ingredients (name, ingredientID) VALUES ('sugar', 1004);
INSERT INTO Ingredients (name, ingredientID) VALUES ('ground cinnamon', 1005);
INSERT INTO Ingredients (name, ingredientID) VALUES ('water', 1006);
INSERT INTO Ingredients (name, ingredientID) VALUES ('honey ', 1007);
INSERT INTO Ingredients (name, ingredientID) VALUES ('vanilla extract', 1008);
INSERT INTO Ingredients (name, ingredientID) VALUES ('Lemon zest', 1009);

INSERT INTO Recipe_Ingredients (amount, unit, ingredientID, recipeID) VALUES (1.0, 'pound', 1001, 1001);
INSERT INTO Recipe_Ingredients (amount, unit, ingredientID, recipeID) VALUES (1.5, 'cups', 1002, 1001);
INSERT INTO Recipe_Ingredients (amount, unit, ingredientID, recipeID) VALUES (2, 'cups finely chopped', 1003, 1001);
INSERT INTO Recipe_Ingredients (amount, unit, ingredientID, recipeID) VALUES (.33, 'cup', 1004, 1001);
INSERT INTO Recipe_Ingredients (amount, unit, ingredientID, recipeID) VALUES (1, 'tsp', 1005, 1001);
INSERT INTO Recipe_Ingredients (amount, unit, ingredientID, recipeID) VALUES (.5, 'cup', 1006, 1001);
INSERT INTO Recipe_Ingredients (amount, unit, ingredientID, recipeID) VALUES (.5, 'cup', 1007, 1001);
INSERT INTO Recipe_Ingredients (amount, unit, ingredientID, recipeID) VALUES (1, 'tsp', 1008, 1001);
INSERT INTO Recipe_Ingredients (amount, unit, ingredientID, recipeID) VALUES (null, 'to taste', 1009, 1001);

INSERT INTO Instructions (cookTime, prepTime, recipeID, instructionID) VALUES (30, 60, 1001, 1001);

INSERT INTO Instruction_Step (step, instructionID, recipeID, stepNum) VALUES ('Preheat your oven to 350F (175C) and grease a 9x13 inch baking pan.', 1001, 1001, 1);
INSERT INTO Instruction_Step (step, instructionID, recipeID, stepNum) VALUES ('Mix together the chopped nuts, sugar, cinnamon, and lemon zest in a bowl and set aside.', 1001, 1001, 2);
INSERT INTO Instruction_Step (step, instructionID, recipeID, stepNum) VALUES ('Lay the phyllo dough out flat and cut it to fit the baking pan.', 1001, 1001, 3);
INSERT INTO Instruction_Step (step, instructionID, recipeID, stepNum) VALUES ('Brush the bottom of the pan with melted butter or coconut oil and lay one layer of phyllo dough on top.', 1001, 1001, 4);
INSERT INTO Instruction_Step (step, instructionID, recipeID, stepNum) VALUES ('Brush the phyllo dough with melted butter or coconut oil and continue layering phyllo and brushing with butter or oil until you have used about half of the phyllo sheets.', 1001, 1001, 5);
INSERT INTO Instruction_Step (step, instructionID, recipeID, stepNum) VALUES ('Sprinkle half of the nut mixture over the phyllo layers in the pan.', 1001, 1001, 6);
INSERT INTO Instruction_Step (step, instructionID, recipeID, stepNum) VALUES ('Layer the remaining phyllo sheets on top of the nut mixture, brushing each layer with butter or oil as before.', 1001, 1001, 7);
INSERT INTO Instruction_Step (step, instructionID, recipeID, stepNum) VALUES ('Sprinkle the remaining nut mixture over the top layer of phyllo.', 1001, 1001, 8);
INSERT INTO Instruction_Step (step, instructionID, recipeID, stepNum) VALUES ('Cut the baklava into small squares or diamonds with a sharp knife.', 1001, 1001, 9);
INSERT INTO Instruction_Step (step, instructionID, recipeID, stepNum) VALUES ('Bake the baklava for 50-60 minutes, or until golden brown and crispy.', 1001, 1001, 10);
INSERT INTO Instruction_Step (step, instructionID, recipeID, stepNum) VALUES ('While the baklava is baking, mix together the water, honey or maple syrup, and vanilla extract in a saucepan and bring to a boil. Simmer for 10-15 minutes.', 1001, 1001, 11);
INSERT INTO Instruction_Step (step, instructionID, recipeID, stepNum) VALUES ('When the baklava is done, remove it from the oven and immediately pour the hot syrup over the top. Allow the baklava to cool before serving.', 1001, 1001, 12);

-- For Caprese Salad
INSERT INTO Ingredients (name, ingredientID) VALUES ('Ripe Tomatoes', 1010);
INSERT INTO Ingredients (name, ingredientID) VALUES ('mozzarella cheese', 1011);
INSERT INTO Ingredients (name, ingredientID) VALUES ('basil leaves ', 1012);
INSERT INTO Ingredients (name, ingredientID) VALUES ('extra-virgin olive oil', 1013);
INSERT INTO Ingredients (name, ingredientID) VALUES ('Salt and pepper', 1014);

INSERT INTO Recipe_Ingredients (amount, unit, ingredientID, recipeID) VALUES (2, null, 1010, 1002);
INSERT INTO Recipe_Ingredients (amount, unit, ingredientID, recipeID) VALUES (8, 'oz', 1011, 1002);
INSERT INTO Recipe_Ingredients (amount, unit, ingredientID, recipeID) VALUES (null, null, 1012, 1002);
INSERT INTO Recipe_Ingredients (amount, unit, ingredientID, recipeID) VALUES (2, 'tbsp', 1013, 1002);
INSERT INTO Recipe_Ingredients (amount, unit, ingredientID, recipeID) VALUES (null, 'to taste', 1014, 1002);

INSERT INTO Instructions (cookTime, prepTime, recipeID, instructionID) VALUES (0, 15, 1002, 1002);

INSERT INTO Instruction_Step (step, instructionID, recipeID, stepNum) VALUES ('Arrange the tomato and mozzarella slices on a plate, alternating between them.', 1002, 1002, 1);
INSERT INTO Instruction_Step (step, instructionID, recipeID, stepNum) VALUES ('Place fresh basil leaves on top of each slice of mozzarella.', 1002, 1002, 2);
INSERT INTO Instruction_Step (step, instructionID, recipeID, stepNum) VALUES ('Drizzle the olive oil over the salad.', 1002, 1002, 3);
INSERT INTO Instruction_Step (step, instructionID, recipeID, stepNum) VALUES ('Season with salt and pepper, to taste.', 1002, 1002, 4);
INSERT INTO Instruction_Step (step, instructionID, recipeID, stepNum) VALUES ('Serve and enjoy your fresh and delicious Caprese salad!', 1002, 1002, 5);

-- For Chicken
INSERT INTO Ingredients (name, ingredientID) VALUES ('boneless, skinless chicken breasts', 1015);
INSERT INTO Ingredients (name, ingredientID) VALUES ('olive oil', 1016);
INSERT INTO Ingredients (name, ingredientID) VALUES ('Juice and zest of lemon ', 1017);
INSERT INTO Ingredients (name, ingredientID) VALUES ('garlic cloves', 1018);
INSERT INTO Ingredients (name, ingredientID) VALUES ('chopped fresh thyme', 1019);
INSERT INTO Ingredients (name, ingredientID) VALUES ('chopped fresh rosemary', 1020);
INSERT INTO Ingredients (name, ingredientID) VALUES ('Salt and pepper', 1021);

INSERT INTO Recipe_Ingredients (amount, unit, ingredientID, recipeID) VALUES (2, null, 1015, 1003);
INSERT INTO Recipe_Ingredients (amount, unit, ingredientID, recipeID) VALUES (8, 'oz', 1016, 1003);
INSERT INTO Recipe_Ingredients (amount, unit, ingredientID, recipeID) VALUES (null, null, 1017, 1003);
INSERT INTO Recipe_Ingredients (amount, unit, ingredientID, recipeID) VALUES (2, 'tbsp', 1018, 1003);
INSERT INTO Recipe_Ingredients (amount, unit, ingredientID, recipeID) VALUES (null, 'to taste', 1019, 1003);
INSERT INTO Recipe_Ingredients (amount, unit, ingredientID, recipeID) VALUES (2, null, 1020, 1003);
INSERT INTO Recipe_Ingredients (amount, unit, ingredientID, recipeID) VALUES (8, 'oz', 1021, 1003);

INSERT INTO Instructions (cookTime, prepTime, recipeID, instructionID) VALUES (30, 15, 1003, 1003);

INSERT INTO Instruction_Step (step, instructionID, recipeID, stepNum) VALUES ('Preheat your grill to medium-high heat.', 1003, 1003, 1);
INSERT INTO Instruction_Step (step, instructionID, recipeID, stepNum) VALUES ('In a bowl, whisk together the olive oil, lemon juice and zest, garlic, thyme, and rosemary.', 1003, 1003, 2);
INSERT INTO Instruction_Step (step, instructionID, recipeID, stepNum) VALUES ('Season the chicken breasts with salt and pepper.', 1003, 1003, 3);
INSERT INTO Instruction_Step (step, instructionID, recipeID, stepNum) VALUES ('Brush the chicken with the marinade and let it sit for at least 15 minutes.', 1003, 1003, 4);
INSERT INTO Instruction_Step (step, instructionID, recipeID, stepNum) VALUES ('Place the chicken on the grill and cook for 5-6 minutes per side, or until the internal temperature reaches 165F.', 1003, 1003, 5);
INSERT INTO Instruction_Step (step, instructionID, recipeID, stepNum) VALUES ('Remove the chicken from the grill and let it rest for a few minutes before slicing and serving.', 1003, 1003, 6);
